Time(s),Pressure,Temperature,inH2O to Pa,Pa to m/s,m/s to mph
0.479,0.0,39.72,0.0,0.0,0.0
0.8,0.0,39.72,0.0,0.0,0.0
3.384,0.02,39.72,0.0049768,2.81063739,6.287227204
3.422,0.01,39.72,0.0024884,1.987420758,4.445740991
3.533,0.0,39.72,0.0,0.0,0.0
5.069,0.02,39.72,0.0049768,2.81063739,6.287227204
5.106,0.01,39.72,0.0024884,1.987420758,4.445740991
5.33,0.0,39.72,0.0,0.0,0.0
5.593,0.02,39.72,0.0049768,2.81063739,6.287227204
5.63,0.01,39.72,0.0024884,1.987420758,4.445740991
5.668,0.02,39.72,0.0049768,2.81063739,6.287227204
5.705,0.0,39.72,0.0,0.0,0.0
6.304,0.02,39.72,0.0049768,2.81063739,6.287227204
6.379,0.01,39.72,0.0024884,1.987420758,4.445740991
6.492,0.0,39.72,0.0,0.0,0.0
6.978,0.02,39.72,0.0049768,2.81063739,6.287227204
7.016,0.0,39.72,0.0,0.0,0.0
7.353,0.02,39.72,0.0049768,2.81063739,6.287227204
7.43,0.0,39.72,0.0,0.0,0.0
7.839,0.02,39.72,0.0049768,2.81063739,6.287227204
7.877,0.0,39.72,0.0,0.0,0.0
9.299,0.05,39.72,0.012442,4.444007915,9.940979066
9.337,0.01,39.72,0.0024884,1.987420758,4.445740991
9.374,0.0,39.72,0.0,0.0,0.0
9.449,0.02,39.72,0.0049768,2.81063739,6.287227204
9.525,0.0,39.72,0.0,0.0,0.0
9.674,0.03,39.72,0.0074652,3.442313729,7.700249273
9.749,0.02,39.72,0.0049768,2.81063739,6.287227204
9.842,0.09,39.72,0.0223956,5.962262274,13.33722297
9.879,0.08,39.72,0.0199072,5.621274781,12.57445441
9.916,0.0,39.72,0.0,0.0,0.0
9.953,0.04,39.72,0.0099536,3.974841516,8.891481981
9.99,0.02,39.72,0.0049768,2.81063739,6.287227204
10.064,0.03,39.72,0.0074652,3.442313729,7.700249273
10.101,0.02,39.72,0.0049768,2.81063739,6.287227204
10.138,0.01,39.72,0.0024884,1.987420758,4.445740991
10.175,0.02,39.72,0.0049768,2.81063739,6.287227204
10.212,0.01,39.72,0.0024884,1.987420758,4.445740991
10.323,0.03,39.72,0.0074652,3.442313729,7.700249273
10.36,0.02,39.72,0.0049768,2.81063739,6.287227204
10.397,0.0,39.72,0.0,0.0,0.0
10.546,0.02,39.72,0.0049768,2.81063739,6.287227204
10.583,0.01,39.72,0.0024884,1.987420758,4.445740991
10.619,0.0,39.72,0.0,0.0,0.0
10.693,0.03,39.72,0.0074652,3.442313729,7.700249273
10.731,0.0,39.72,0.0,0.0,0.0
10.842,0.02,39.72,0.0049768,2.81063739,6.287227204
10.915,0.01,39.72,0.0024884,1.987420758,4.445740991
10.994,0.0,39.72,0.0,0.0,0.0
11.031,0.03,39.72,0.0074652,3.442313729,7.700249273
11.068,0.01,39.72,0.0024884,1.987420758,4.445740991
11.106,0.02,39.72,0.0049768,2.81063739,6.287227204
11.143,0.0,39.72,0.0,0.0,0.0
11.18,0.03,39.72,0.0074652,3.442313729,7.700249273
11.216,0.01,39.72,0.0024884,1.987420758,4.445740991
11.291,0.02,39.72,0.0049768,2.81063739,6.287227204
11.328,0.0,39.72,0.0,0.0,0.0
11.563,0.02,39.72,0.0049768,2.81063739,6.287227204
11.6,0.0,39.72,0.0,0.0,0.0
11.711,0.02,39.72,0.0049768,2.81063739,6.287227204
11.749,0.01,39.72,0.0024884,1.987420758,4.445740991
11.823,0.0,39.72,0.0,0.0,0.0
11.896,0.02,39.72,0.0049768,2.81063739,6.287227204
11.934,0.0,39.72,0.0,0.0,0.0
12.421,0.02,39.72,0.0049768,2.81063739,6.287227204
12.457,0.03,39.72,0.0074652,3.442313729,7.700249273
12.532,0.02,39.72,0.0049768,2.81063739,6.287227204
12.569,0.01,39.72,0.0024884,1.987420758,4.445740991
12.606,0.0,39.72,0.0,0.0,0.0
13.203,0.02,39.72,0.0049768,2.81063739,6.287227204
13.24,0.0,39.72,0.0,0.0,0.0
15.18,0.02,39.72,0.0049768,2.81063739,6.287227204
15.217,0.01,39.72,0.0024884,1.987420758,4.445740991
15.255,0.0,39.72,0.0,0.0,0.0
15.929,0.02,39.72,0.0049768,2.81063739,6.287227204
15.967,0.01,39.72,0.0024884,1.987420758,4.445740991
16.004,0.0,39.72,0.0,0.0,0.0
10.918,0.02,39.72,0.0049768,2.81063739,6.287227204
10.956,0.01,39.72,0.0024884,1.987420758,4.445740991
10.994,0.02,39.72,0.0049768,2.81063739,6.287227204
11.031,0.0,39.72,0.0,0.0,0.0
11.069,0.02,39.72,0.0049768,2.81063739,6.287227204
11.107,0.03,39.72,0.0074652,3.442313729,7.700249273
11.144,0.0,39.72,0.0,0.0,0.0
11.445,0.02,39.72,0.0049768,2.81063739,6.287227204
11.482,0.0,39.72,0.0,0.0,0.0
11.82,0.02,39.72,0.0049768,2.81063739,6.287227204
11.875,0.0,39.72,0.0,0.0,0.0
11.987,0.02,39.72,0.0049768,2.81063739,6.287227204
12.025,0.01,39.72,0.0024884,1.987420758,4.445740991
12.1,0.0,39.72,0.0,0.0,0.0
12.853,0.02,39.72,0.0049768,2.81063739,6.287227204
12.89,0.01,39.72,0.0024884,1.987420758,4.445740991
12.965,0.0,39.72,0.0,0.0,0.0
15.129,0.03,39.72,0.0074652,3.442313729,7.700249273
15.167,0.01,39.72,0.0024884,1.987420758,4.445740991
15.205,0.0,39.72,0.0,0.0,0.0
15.243,0.02,39.72,0.0049768,2.81063739,6.287227204
15.28,0.03,39.72,0.0074652,3.442313729,7.700249273
15.323,0.0,39.72,0.0,0.0,0.0
88.807,0.02,39.72,0.0049768,2.81063739,6.287227204
89.033,0.03,39.72,0.0074652,3.442313729,7.700249273
89.071,0.02,39.72,0.0049768,2.81063739,6.287227204
89.152,0.03,39.72,0.0074652,3.442313729,7.700249273
89.465,0.04,39.72,0.0099536,3.974841516,8.891481981
89.578,0.05,39.72,0.012442,4.444007915,9.940979066
89.616,0.04,39.72,0.0099536,3.974841516,8.891481981
89.973,0.07,39.72,0.0174188,5.258221076,11.76232505
90.157,0.08,39.72,0.0199072,5.621274781,12.57445441
90.194,0.07,39.72,0.0174188,5.258221076,11.76232505
90.232,0.09,39.72,0.0223956,5.962262274,13.33722297
90.269,0.08,39.72,0.0199072,5.621274781,12.57445441
90.345,0.09,39.72,0.0223956,5.962262274,13.33722297
90.42,0.1,39.72,0.024884,6.284776265,14.05866742
90.463,0.09,39.72,0.0223956,5.962262274,13.33722297
90.5,0.1,39.72,0.024884,6.284776265,14.05866742
90.613,0.09,39.72,0.0223956,5.962262274,13.33722297
90.764,0.1,39.72,0.024884,6.284776265,14.05866742
90.802,0.09,39.72,0.0223956,5.962262274,13.33722297
91.103,0.1,39.72,0.024884,6.284776265,14.05866742
91.179,0.09,39.72,0.0223956,5.962262274,13.33722297
91.215,0.08,39.72,0.0199072,5.621274781,12.57445441
91.291,0.09,39.72,0.0223956,5.962262274,13.33722297
91.442,0.1,39.72,0.024884,6.284776265,14.05866742
91.48,0.09,39.72,0.0223956,5.962262274,13.33722297
91.554,0.08,39.72,0.0199072,5.621274781,12.57445441
91.598,0.09,39.72,0.0223956,5.962262274,13.33722297
91.786,0.08,39.72,0.0199072,5.621274781,12.57445441
91.824,0.09,39.72,0.0223956,5.962262274,13.33722297
91.899,0.08,39.72,0.0199072,5.621274781,12.57445441
92.125,0.07,39.72,0.0174188,5.258221076,11.76232505
92.163,0.08,39.72,0.0199072,5.621274781,12.57445441
92.237,0.07,39.72,0.0174188,5.258221076,11.76232505
92.313,0.08,39.72,0.0199072,5.621274781,12.57445441
92.5,0.07,39.72,0.0174188,5.258221076,11.76232505
92.576,0.08,39.72,0.0199072,5.621274781,12.57445441
92.614,0.07,39.72,0.0174188,5.258221076,11.76232505
93.258,0.08,39.72,0.0199072,5.621274781,12.57445441
93.296,0.07,39.72,0.0174188,5.258221076,11.76232505
93.559,0.08,39.72,0.0199072,5.621274781,12.57445441
93.748,0.09,39.72,0.0223956,5.962262274,13.33722297
93.955,0.1,39.72,0.024884,6.284776265,14.05866742
93.992,0.09,39.72,0.0223956,5.962262274,13.33722297
94.105,0.1,39.72,0.024884,6.284776265,14.05866742
94.18,0.09,39.72,0.0223956,5.962262274,13.33722297
94.218,0.1,39.72,0.024884,6.284776265,14.05866742
94.306,0.09,39.72,0.0223956,5.962262274,13.33722297
94.343,0.1,39.72,0.024884,6.284776265,14.05866742
94.381,0.11,39.72,0.0273724,6.591528955,14.74485478
94.456,0.1,39.72,0.024884,6.284776265,14.05866742
94.683,0.11,39.72,0.0273724,6.591528955,14.74485478
94.795,0.12,39.72,0.0298608,6.884627458,15.40049855
94.946,0.13,39.72,0.0323492,7.165747449,16.0293471
95.214,0.15,39.72,0.037326,7.697247498,17.21828082
95.252,0.14,39.72,0.0348376,7.43624756,16.63443962
95.328,0.15,39.72,0.037326,7.697247498,17.21828082
95.366,0.16,39.72,0.0398144,7.949683033,17.78296396
95.44,0.15,39.72,0.037326,7.697247498,17.21828082
95.478,0.14,39.72,0.0348376,7.43624756,16.63443962
95.516,0.15,39.72,0.037326,7.697247498,17.21828082
95.592,0.16,39.72,0.0398144,7.949683033,17.78296396
95.63,0.17,39.72,0.0423028,8.194345708,18.33025969
95.668,0.16,39.72,0.0398144,7.949683033,17.78296396
95.706,0.17,39.72,0.0423028,8.194345708,18.33025969
95.856,0.18,39.72,0.0447912,8.431912171,18.86168161
95.931,0.19,39.72,0.0472796,8.662966243,19.37853571
95.969,0.18,39.72,0.0447912,8.431912171,18.86168161
96.045,0.19,39.72,0.0472796,8.662966243,19.37853571
96.082,0.18,39.72,0.0447912,8.431912171,18.86168161
96.12,0.2,39.72,0.049768,8.88801583,19.88195813
96.158,0.17,39.72,0.0423028,8.194345708,18.33025969
96.201,0.19,39.72,0.0472796,8.662966243,19.37853571
96.276,0.2,39.72,0.049768,8.88801583,19.88195813
96.314,0.21,39.72,0.0522564,9.107506062,20.37294461
96.389,0.22,39.72,0.0547448,9.321829645,20.85237361
96.502,0.21,39.72,0.0522564,9.107506062,20.37294461
96.54,0.19,39.72,0.0472796,8.662966243,19.37853571
96.691,0.2,39.72,0.049768,8.88801583,19.88195813
96.728,0.21,39.72,0.0522564,9.107506062,20.37294461
96.803,0.22,39.72,0.0547448,9.321829645,20.85237361
96.841,0.21,39.72,0.0522564,9.107506062,20.37294461
96.879,0.2,39.72,0.049768,8.88801583,19.88195813
97.03,0.21,39.72,0.0522564,9.107506062,20.37294461
97.067,0.22,39.72,0.0547448,9.321829645,20.85237361
97.104,0.21,39.72,0.0522564,9.107506062,20.37294461
97.142,0.23,39.72,0.0572332,9.531335122,21.32102479
97.18,0.22,39.72,0.0547448,9.321829645,20.85237361
97.217,0.2,39.72,0.049768,8.88801583,19.88195813
97.255,0.21,39.72,0.0522564,9.107506062,20.37294461
97.293,0.2,39.72,0.049768,8.88801583,19.88195813
97.335,0.18,39.72,0.0447912,8.431912171,18.86168161
97.373,0.2,39.72,0.049768,8.88801583,19.88195813
97.411,0.21,39.72,0.0522564,9.107506062,20.37294461
97.447,0.22,39.72,0.0547448,9.321829645,20.85237361
97.485,0.21,39.72,0.0522564,9.107506062,20.37294461
97.523,0.2,39.72,0.049768,8.88801583,19.88195813
97.561,0.21,39.72,0.0522564,9.107506062,20.37294461
97.599,0.22,39.72,0.0547448,9.321829645,20.85237361
97.636,0.21,39.72,0.0522564,9.107506062,20.37294461
97.674,0.2,39.72,0.049768,8.88801583,19.88195813
97.75,0.21,39.72,0.0522564,9.107506062,20.37294461
97.787,0.19,39.72,0.0472796,8.662966243,19.37853571
97.824,0.22,39.72,0.0547448,9.321829645,20.85237361
97.9,0.21,39.72,0.0522564,9.107506062,20.37294461
97.938,0.2,39.72,0.049768,8.88801583,19.88195813
97.976,0.19,39.72,0.0472796,8.662966243,19.37853571
98.013,0.18,39.72,0.0447912,8.431912171,18.86168161
98.201,0.17,39.72,0.0423028,8.194345708,18.33025969
98.239,0.18,39.72,0.0447912,8.431912171,18.86168161
98.315,0.17,39.72,0.0423028,8.194345708,18.33025969
98.353,0.16,39.72,0.0398144,7.949683033,17.78296396
98.39,0.17,39.72,0.0423028,8.194345708,18.33025969
98.508,0.19,39.72,0.0472796,8.662966243,19.37853571
98.546,0.18,39.72,0.0447912,8.431912171,18.86168161
98.697,0.17,39.72,0.0423028,8.194345708,18.33025969
98.847,0.18,39.72,0.0447912,8.431912171,18.86168161
98.885,0.19,39.72,0.0472796,8.662966243,19.37853571
98.922,0.18,39.72,0.0447912,8.431912171,18.86168161
99.036,0.16,39.72,0.0398144,7.949683033,17.78296396
99.189,0.14,39.72,0.0348376,7.43624756,16.63443962
99.281,0.18,39.72,0.0447912,8.431912171,18.86168161
99.322,0.17,39.72,0.0423028,8.194345708,18.33025969
99.359,0.19,39.72,0.0472796,8.662966243,19.37853571
99.397,0.18,39.72,0.0447912,8.431912171,18.86168161
99.435,0.17,39.72,0.0423028,8.194345708,18.33025969
99.548,0.18,39.72,0.0447912,8.431912171,18.86168161
99.699,0.19,39.72,0.0472796,8.662966243,19.37853571
99.734,0.2,39.72,0.049768,8.88801583,19.88195813
99.772,0.21,39.72,0.0522564,9.107506062,20.37294461
99.847,0.22,39.72,0.0547448,9.321829645,20.85237361
99.885,0.21,39.72,0.0522564,9.107506062,20.37294461
99.997,0.23,39.72,0.0572332,9.531335122,21.32102479
100.035,0.22,39.72,0.0547448,9.321829645,20.85237361
100.073,0.24,39.72,0.0597216,9.736333523,21.77959391
100.186,0.23,39.72,0.0572332,9.531335122,21.32102479
100.224,0.21,39.72,0.0522564,9.107506062,20.37294461
100.299,0.2,39.72,0.049768,8.88801583,19.88195813
100.374,0.21,39.72,0.0522564,9.107506062,20.37294461
100.412,0.22,39.72,0.0547448,9.321829645,20.85237361
100.45,0.23,39.72,0.0572332,9.531335122,21.32102479
100.488,0.22,39.72,0.0547448,9.321829645,20.85237361
100.601,0.2,39.72,0.049768,8.88801583,19.88195813
100.676,0.19,39.72,0.0472796,8.662966243,19.37853571
100.714,0.18,39.72,0.0447912,8.431912171,18.86168161
100.832,0.19,39.72,0.0472796,8.662966243,19.37853571
100.87,0.17,39.72,0.0423028,8.194345708,18.33025969
100.908,0.18,39.72,0.0447912,8.431912171,18.86168161
100.983,0.19,39.72,0.0472796,8.662966243,19.37853571
101.02,0.18,39.72,0.0447912,8.431912171,18.86168161
101.058,0.17,39.72,0.0423028,8.194345708,18.33025969
101.134,0.18,39.72,0.0447912,8.431912171,18.86168161
101.172,0.16,39.72,0.0398144,7.949683033,17.78296396
101.21,0.19,39.72,0.0472796,8.662966243,19.37853571
101.248,0.18,39.72,0.0447912,8.431912171,18.86168161
101.36,0.19,39.72,0.0472796,8.662966243,19.37853571
101.398,0.18,39.72,0.0447912,8.431912171,18.86168161
101.474,0.19,39.72,0.0472796,8.662966243,19.37853571
101.512,0.2,39.72,0.049768,8.88801583,19.88195813
101.586,0.19,39.72,0.0472796,8.662966243,19.37853571
101.624,0.18,39.72,0.0447912,8.431912171,18.86168161
101.738,0.19,39.72,0.0472796,8.662966243,19.37853571
101.776,0.17,39.72,0.0423028,8.194345708,18.33025969
101.851,0.18,39.72,0.0447912,8.431912171,18.86168161
102.159,0.17,39.72,0.0423028,8.194345708,18.33025969
102.234,0.16,39.72,0.0398144,7.949683033,17.78296396
102.309,0.17,39.72,0.0423028,8.194345708,18.33025969
102.347,0.15,39.72,0.037326,7.697247498,17.21828082
102.384,0.16,39.72,0.0398144,7.949683033,17.78296396
102.422,0.15,39.72,0.037326,7.697247498,17.21828082
102.536,0.14,39.72,0.0348376,7.43624756,16.63443962
102.61,0.13,39.72,0.0323492,7.165747449,16.0293471
102.648,0.14,39.72,0.0348376,7.43624756,16.63443962
102.686,0.13,39.72,0.0323492,7.165747449,16.0293471
102.799,0.12,39.72,0.0298608,6.884627458,15.40049855
102.837,0.11,39.72,0.0273724,6.591528955,14.74485478
103.118,0.09,39.72,0.0223956,5.962262274,13.33722297
103.156,0.1,39.72,0.024884,6.284776265,14.05866742
103.27,0.11,39.72,0.0273724,6.591528955,14.74485478
103.308,0.1,39.72,0.024884,6.284776265,14.05866742
103.346,0.09,39.72,0.0223956,5.962262274,13.33722297
103.384,0.08,39.72,0.0199072,5.621274781,12.57445441
103.421,0.09,39.72,0.0223956,5.962262274,13.33722297
103.572,0.07,39.72,0.0174188,5.258221076,11.76232505
103.648,0.08,39.72,0.0199072,5.621274781,12.57445441
103.724,0.07,39.72,0.0174188,5.258221076,11.76232505
103.761,0.08,39.72,0.0199072,5.621274781,12.57445441
103.836,0.07,39.72,0.0174188,5.258221076,11.76232505
104.0,0.06,39.72,0.0149304,4.868166762,10.88979696
104.269,0.05,39.72,0.012442,4.444007915,9.940979066
104.307,0.06,39.72,0.0149304,4.868166762,10.88979696
104.647,0.05,39.72,0.012442,4.444007915,9.940979066
104.723,0.06,39.72,0.0149304,4.868166762,10.88979696
104.761,0.05,39.72,0.012442,4.444007915,9.940979066
104.798,0.06,39.72,0.0149304,4.868166762,10.88979696
104.873,0.07,39.72,0.0174188,5.258221076,11.76232505
104.911,0.06,39.72,0.0149304,4.868166762,10.88979696
105.18,0.05,39.72,0.012442,4.444007915,9.940979066
105.218,0.06,39.72,0.0149304,4.868166762,10.88979696
105.255,0.05,39.72,0.012442,4.444007915,9.940979066
105.445,0.04,39.72,0.0099536,3.974841516,8.891481981
105.709,0.03,39.72,0.0074652,3.442313729,7.700249273
106.162,0.02,39.72,0.0049768,2.81063739,6.287227204
107.303,0.03,39.72,0.0074652,3.442313729,7.700249273
107.341,0.02,39.72,0.0049768,2.81063739,6.287227204
107.87,0.01,39.72,0.0024884,1.987420758,4.445740991
108.021,0.0,39.72,0.0,0.0,0.0
108.517,0.02,39.72,0.0049768,2.81063739,6.287227204
108.982,0.03,39.72,0.0074652,3.442313729,7.700249273
109.02,0.02,39.72,0.0049768,2.81063739,6.287227204
109.058,0.03,39.72,0.0074652,3.442313729,7.700249273
109.629,0.02,39.72,0.0049768,2.81063739,6.287227204
109.779,0.03,39.72,0.0074652,3.442313729,7.700249273
109.817,0.02,39.72,0.0049768,2.81063739,6.287227204
109.931,0.03,39.72,0.0074652,3.442313729,7.700249273
109.969,0.02,39.72,0.0049768,2.81063739,6.287227204
110.195,0.03,39.72,0.0074652,3.442313729,7.700249273
110.233,0.01,39.72,0.0024884,1.987420758,4.445740991
110.271,0.02,39.72,0.0049768,2.81063739,6.287227204
110.616,0.01,39.72,0.0024884,1.987420758,4.445740991
110.692,0.02,39.72,0.0049768,2.81063739,6.287227204
110.767,0.01,39.72,0.0024884,1.987420758,4.445740991
110.993,0.02,39.72,0.0049768,2.81063739,6.287227204
111.52,0.01,39.72,0.0024884,1.987420758,4.445740991
111.558,0.02,39.72,0.0049768,2.81063739,6.287227204
111.881,0.03,39.72,0.0074652,3.442313729,7.700249273
111.958,0.02,39.72,0.0049768,2.81063739,6.287227204
112.072,0.0,39.72,0.0,0.0,0.0
112.149,0.02,39.72,0.0049768,2.81063739,6.287227204
112.187,0.01,39.72,0.0024884,1.987420758,4.445740991
112.226,0.02,39.72,0.0049768,2.81063739,6.287227204
112.264,0.01,39.72,0.0024884,1.987420758,4.445740991
0.101,0.03,39.72,0.0074652,3.442313729,7.700249273
0.253,0.04,39.72,0.0099536,3.974841516,8.891481981
0.522,0.03,39.72,0.0074652,3.442313729,7.700249273
0.56,0.04,39.72,0.0099536,3.974841516,8.891481981
0.671,0.03,39.72,0.0074652,3.442313729,7.700249273
1.006,0.02,39.72,0.0049768,2.81063739,6.287227204
1.081,0.03,39.72,0.0074652,3.442313729,7.700249273
1.695,0.02,39.72,0.0049768,2.81063739,6.287227204
1.845,0.03,39.72,0.0074652,3.442313729,7.700249273
1.882,0.02,39.72,0.0049768,2.81063739,6.287227204
1.918,0.03,39.72,0.0074652,3.442313729,7.700249273
2.142,0.04,39.72,0.0099536,3.974841516,8.891481981
2.254,0.03,39.72,0.0074652,3.442313729,7.700249273
2.738,0.02,39.72,0.0049768,2.81063739,6.287227204
2.891,0.03,39.72,0.0074652,3.442313729,7.700249273
3.041,0.02,39.72,0.0049768,2.81063739,6.287227204
3.079,0.03,39.72,0.0074652,3.442313729,7.700249273
3.302,0.02,39.72,0.0049768,2.81063739,6.287227204
3.377,0.03,39.72,0.0074652,3.442313729,7.700249273
3.713,0.04,39.72,0.0099536,3.974841516,8.891481981
3.749,0.03,39.72,0.0074652,3.442313729,7.700249273
3.936,0.04,39.72,0.0099536,3.974841516,8.891481981
4.011,0.03,39.72,0.0074652,3.442313729,7.700249273
4.047,0.04,39.72,0.0099536,3.974841516,8.891481981
4.09,0.03,39.72,0.0074652,3.442313729,7.700249273
4.127,0.04,39.72,0.0099536,3.974841516,8.891481981
4.314,0.03,39.72,0.0074652,3.442313729,7.700249273
4.35,0.04,39.72,0.0099536,3.974841516,8.891481981
4.612,0.05,39.72,0.012442,4.444007915,9.940979066
4.648,0.04,39.72,0.0099536,3.974841516,8.891481981
4.798,0.03,39.72,0.0074652,3.442313729,7.700249273
4.91,0.04,39.72,0.0099536,3.974841516,8.891481981
4.946,0.03,39.72,0.0074652,3.442313729,7.700249273
5.584,0.02,39.72,0.0049768,2.81063739,6.287227204
5.658,0.03,39.72,0.0074652,3.442313729,7.700249273
5.895,0.02,39.72,0.0049768,2.81063739,6.287227204
6.043,0.03,39.72,0.0074652,3.442313729,7.700249273
6.231,0.02,39.72,0.0049768,2.81063739,6.287227204
6.379,0.03,39.72,0.0074652,3.442313729,7.700249273
6.682,0.02,39.72,0.0049768,2.81063739,6.287227204
6.72,0.03,39.72,0.0074652,3.442313729,7.700249273
6.868,0.02,39.72,0.0049768,2.81063739,6.287227204
6.906,0.03,39.72,0.0074652,3.442313729,7.700249273
7.278,0.02,39.72,0.0049768,2.81063739,6.287227204
7.428,0.03,39.72,0.0074652,3.442313729,7.700249273
7.73,0.04,39.72,0.0099536,3.974841516,8.891481981
7.767,0.03,39.72,0.0074652,3.442313729,7.700249273
7.879,0.02,39.72,0.0049768,2.81063739,6.287227204
7.916,0.03,39.72,0.0074652,3.442313729,7.700249273
8.977,0.02,39.72,0.0049768,2.81063739,6.287227204
9.237,0.03,39.72,0.0074652,3.442313729,7.700249273
9.275,0.02,39.72,0.0049768,2.81063739,6.287227204
10.097,0.01,39.72,0.0024884,1.987420758,4.445740991
10.135,0.02,39.72,0.0049768,2.81063739,6.287227204
10.818,0.01,39.72,0.0024884,1.987420758,4.445740991
10.893,0.02,39.72,0.0049768,2.81063739,6.287227204
11.004,0.01,39.72,0.0024884,1.987420758,4.445740991
11.042,0.02,39.72,0.0049768,2.81063739,6.287227204
11.117,0.01,39.72,0.0024884,1.987420758,4.445740991
11.191,0.02,39.72,0.0049768,2.81063739,6.287227204
11.234,0.01,39.72,0.0024884,1.987420758,4.445740991
11.643,0.02,39.72,0.0049768,2.81063739,6.287227204
11.68,0.01,39.72,0.0024884,1.987420758,4.445740991
12.203,0.02,39.72,0.0049768,2.81063739,6.287227204
12.43,0.01,39.72,0.0024884,1.987420758,4.445740991
12.541,0.02,39.72,0.0049768,2.81063739,6.287227204
12.579,0.01,39.72,0.0024884,1.987420758,4.445740991
12.616,0.02,39.72,0.0049768,2.81063739,6.287227204
12.654,0.01,39.72,0.0024884,1.987420758,4.445740991
12.729,0.02,39.72,0.0049768,2.81063739,6.287227204
12.766,0.01,39.72,0.0024884,1.987420758,4.445740991
12.915,0.02,39.72,0.0049768,2.81063739,6.287227204
13.138,0.01,39.72,0.0024884,1.987420758,4.445740991
13.213,0.02,39.72,0.0049768,2.81063739,6.287227204
13.288,0.01,39.72,0.0024884,1.987420758,4.445740991
13.325,0.02,39.72,0.0049768,2.81063739,6.287227204
13.362,0.01,39.72,0.0024884,1.987420758,4.445740991
13.474,0.02,39.72,0.0049768,2.81063739,6.287227204
13.591,0.01,39.72,0.0024884,1.987420758,4.445740991
13.628,0.02,39.72,0.0049768,2.81063739,6.287227204
13.741,0.01,39.72,0.0024884,1.987420758,4.445740991
14.001,0.02,39.72,0.0049768,2.81063739,6.287227204
14.299,0.01,39.72,0.0024884,1.987420758,4.445740991
14.373,0.02,39.72,0.0049768,2.81063739,6.287227204
14.787,0.01,39.72,0.0024884,1.987420758,4.445740991
14.862,0.02,39.72,0.0049768,2.81063739,6.287227204
15.62,0.01,39.72,0.0024884,1.987420758,4.445740991
15.657,0.02,39.72,0.0049768,2.81063739,6.287227204
15.694,0.01,39.72,0.0024884,1.987420758,4.445740991
15.732,0.02,39.72,0.0049768,2.81063739,6.287227204
15.997,0.01,39.72,0.0024884,1.987420758,4.445740991
16.035,0.02,39.72,0.0049768,2.81063739,6.287227204
17.008,0.03,39.72,0.0074652,3.442313729,7.700249273
17.12,0.02,39.72,0.0049768,2.81063739,6.287227204
17.157,0.03,39.72,0.0074652,3.442313729,7.700249273
17.306,0.02,39.72,0.0049768,2.81063739,6.287227204
18.591,0.01,39.72,0.0024884,1.987420758,4.445740991
18.665,0.02,39.72,0.0049768,2.81063739,6.287227204
18.74,0.01,39.72,0.0024884,1.987420758,4.445740991
18.814,0.02,39.72,0.0049768,2.81063739,6.287227204
19.266,0.01,39.72,0.0024884,1.987420758,4.445740991
19.378,0.02,39.72,0.0049768,2.81063739,6.287227204
20.551,0.01,39.72,0.0024884,1.987420758,4.445740991
20.589,0.02,39.72,0.0049768,2.81063739,6.287227204
20.701,0.01,39.72,0.0024884,1.987420758,4.445740991
20.775,0.02,39.72,0.0049768,2.81063739,6.287227204
20.849,0.01,39.72,0.0024884,1.987420758,4.445740991
20.887,0.02,39.72,0.0049768,2.81063739,6.287227204
20.962,0.01,39.72,0.0024884,1.987420758,4.445740991
21.334,0.02,39.72,0.0049768,2.81063739,6.287227204
21.413,0.01,39.72,0.0024884,1.987420758,4.445740991
21.45,0.02,39.72,0.0049768,2.81063739,6.287227204
21.488,0.01,39.72,0.0024884,1.987420758,4.445740991
21.562,0.02,39.72,0.0049768,2.81063739,6.287227204
21.6,0.01,39.72,0.0024884,1.987420758,4.445740991
22.01,0.02,39.72,0.0049768,2.81063739,6.287227204
22.383,0.03,39.72,0.0074652,3.442313729,7.700249273
22.42,0.02,39.72,0.0049768,2.81063739,6.287227204
22.457,0.03,39.72,0.0074652,3.442313729,7.700249273
22.495,0.02,39.72,0.0049768,2.81063739,6.287227204
22.604,0.03,39.72,0.0074652,3.442313729,7.700249273
22.641,0.02,39.72,0.0049768,2.81063739,6.287227204
22.716,0.03,39.72,0.0074652,3.442313729,7.700249273
22.865,0.02,39.72,0.0049768,2.81063739,6.287227204
24.1,0.03,39.72,0.0074652,3.442313729,7.700249273
24.138,0.02,39.72,0.0049768,2.81063739,6.287227204
24.212,0.03,39.72,0.0074652,3.442313729,7.700249273
24.25,0.02,39.72,0.0049768,2.81063739,6.287227204
24.287,0.03,39.72,0.0074652,3.442313729,7.700249273
24.361,0.02,39.72,0.0049768,2.81063739,6.287227204
24.398,0.03,39.72,0.0074652,3.442313729,7.700249273
24.825,0.02,39.72,0.0049768,2.81063739,6.287227204
24.862,0.03,39.72,0.0074652,3.442313729,7.700249273
25.049,0.02,39.72,0.0049768,2.81063739,6.287227204
25.161,0.03,39.72,0.0074652,3.442313729,7.700249273
25.273,0.02,39.71,0.0049768,2.81063739,6.287227204
25.348,0.03,39.72,0.0074652,3.442313729,7.700249273
25.384,0.02,39.72,0.0049768,2.81063739,6.287227204
25.459,0.03,39.72,0.0074652,3.442313729,7.700249273
25.534,0.02,39.72,0.0049768,2.81063739,6.287227204
25.907,0.03,39.72,0.0074652,3.442313729,7.700249273
25.95,0.02,39.72,0.0049768,2.81063739,6.287227204
26.286,0.01,39.72,0.0024884,1.987420758,4.445740991
26.322,0.02,39.72,0.0049768,2.81063739,6.287227204
27.803,0.01,39.72,0.0024884,1.987420758,4.445740991
27.917,0.02,39.72,0.0049768,2.81063739,6.287227204
27.955,0.01,39.72,0.0024884,1.987420758,4.445740991
27.992,0.02,39.72,0.0049768,2.81063739,6.287227204
28.067,0.01,39.71,0.0024884,1.987420758,4.445740991
29.168,0.02,39.71,0.0049768,2.81063739,6.287227204
29.206,0.01,39.72,0.0024884,1.987420758,4.445740991
29.487,0.02,39.71,0.0049768,2.81063739,6.287227204
29.562,0.01,39.71,0.0024884,1.987420758,4.445740991
29.638,0.02,39.71,0.0049768,2.81063739,6.287227204
29.676,0.01,39.71,0.0024884,1.987420758,4.445740991
29.714,0.02,39.71,0.0049768,2.81063739,6.287227204
29.789,0.01,39.71,0.0024884,1.987420758,4.445740991
30.13,0.02,39.71,0.0049768,2.81063739,6.287227204
30.168,0.01,39.72,0.0024884,1.987420758,4.445740991
31.005,0.02,39.71,0.0049768,2.81063739,6.287227204
31.081,0.01,39.71,0.0024884,1.987420758,4.445740991
31.368,0.02,39.71,0.0049768,2.81063739,6.287227204
31.443,0.01,39.71,0.0024884,1.987420758,4.445740991
31.633,0.02,39.71,0.0049768,2.81063739,6.287227204
31.752,0.01,39.71,0.0024884,1.987420758,4.445740991
31.827,0.02,39.71,0.0049768,2.81063739,6.287227204
32.129,0.01,39.71,0.0024884,1.987420758,4.445740991
32.166,0.02,39.71,0.0049768,2.81063739,6.287227204
32.506,0.01,39.71,0.0024884,1.987420758,4.445740991
32.544,0.0,39.71,0.0,0.0,0.0
32.619,0.02,39.71,0.0049768,2.81063739,6.287227204
32.657,0.01,39.71,0.0024884,1.987420758,4.445740991
32.695,0.02,39.71,0.0049768,2.81063739,6.287227204
33.757,0.03,39.71,0.0074652,3.442313729,7.700249273
33.795,0.02,39.71,0.0049768,2.81063739,6.287227204
34.437,0.01,39.71,0.0024884,1.987420758,4.445740991
34.475,0.02,39.71,0.0049768,2.81063739,6.287227204
34.512,0.01,39.71,0.0024884,1.987420758,4.445740991
34.55,0.02,39.71,0.0049768,2.81063739,6.287227204
34.777,0.01,39.71,0.0024884,1.987420758,4.445740991
34.814,0.02,39.71,0.0049768,2.81063739,6.287227204
35.838,0.03,39.71,0.0074652,3.442313729,7.700249273
36.142,0.02,39.71,0.0049768,2.81063739,6.287227204
36.216,0.03,39.71,0.0074652,3.442313729,7.700249273
36.915,0.02,39.71,0.0049768,2.81063739,6.287227204
36.953,0.03,39.71,0.0074652,3.442313729,7.700249273
38.24,0.02,39.71,0.0049768,2.81063739,6.287227204
38.278,0.03,39.71,0.0074652,3.442313729,7.700249273
38.699,0.04,39.71,0.0099536,3.974841516,8.891481981
38.736,0.03,39.71,0.0074652,3.442313729,7.700249273
39.201,0.02,39.71,0.0049768,2.81063739,6.287227204
39.314,0.03,39.71,0.0074652,3.442313729,7.700249273
39.39,0.02,39.71,0.0049768,2.81063739,6.287227204
39.73,0.03,39.71,0.0074652,3.442313729,7.700249273
39.922,0.02,39.71,0.0049768,2.81063739,6.287227204
39.998,0.03,39.71,0.0074652,3.442313729,7.700249273
40.263,0.02,39.71,0.0049768,2.81063739,6.287227204
40.565,0.03,39.71,0.0074652,3.442313729,7.700249273
40.603,0.02,39.71,0.0049768,2.81063739,6.287227204
40.943,0.03,39.71,0.0074652,3.442313729,7.700249273
41.062,0.02,39.71,0.0049768,2.81063739,6.287227204
41.175,0.03,39.71,0.0074652,3.442313729,7.700249273
41.212,0.02,39.71,0.0049768,2.81063739,6.287227204
41.25,0.03,39.71,0.0074652,3.442313729,7.700249273
41.288,0.02,39.71,0.0049768,2.81063739,6.287227204
41.402,0.03,39.71,0.0074652,3.442313729,7.700249273
41.44,0.02,39.71,0.0049768,2.81063739,6.287227204
42.311,0.03,39.71,0.0074652,3.442313729,7.700249273
42.387,0.02,39.71,0.0049768,2.81063739,6.287227204
43.713,0.01,39.71,0.0024884,1.987420758,4.445740991
43.751,0.02,39.71,0.0049768,2.81063739,6.287227204
44.026,0.01,39.71,0.0024884,1.987420758,4.445740991
44.064,0.02,39.71,0.0049768,2.81063739,6.287227204
44.102,0.01,39.71,0.0024884,1.987420758,4.445740991
44.178,0.02,39.71,0.0049768,2.81063739,6.287227204
44.216,0.01,39.71,0.0024884,1.987420758,4.445740991
44.328,0.02,39.71,0.0049768,2.81063739,6.287227204
44.446,0.01,39.71,0.0024884,1.987420758,4.445740991
44.484,0.02,39.71,0.0049768,2.81063739,6.287227204
44.522,0.01,39.71,0.0024884,1.987420758,4.445740991
44.976,0.02,39.71,0.0049768,2.81063739,6.287227204
45.051,0.01,39.71,0.0024884,1.987420758,4.445740991
45.202,0.02,39.71,0.0049768,2.81063739,6.287227204
45.24,0.01,39.71,0.0024884,1.987420758,4.445740991
49.657,0.02,39.71,0.0049768,2.81063739,6.287227204
49.922,0.01,39.71,0.0024884,1.987420758,4.445740991
51.82,0.0,39.71,0.0,0.0,0.0
59.829,0.02,39.71,0.0049768,2.81063739,6.287227204
61.043,0.01,39.71,0.0024884,1.987420758,4.445740991
61.081,0.02,39.71,0.0049768,2.81063739,6.287227204
61.119,0.01,39.71,0.0024884,1.987420758,4.445740991
61.195,0.02,39.71,0.0049768,2.81063739,6.287227204
61.498,0.01,39.71,0.0024884,1.987420758,4.445740991
61.536,0.02,39.71,0.0049768,2.81063739,6.287227204
62.032,0.01,39.71,0.0024884,1.987420758,4.445740991
62.07,0.02,39.71,0.0049768,2.81063739,6.287227204
62.108,0.01,39.71,0.0024884,1.987420758,4.445740991
62.145,0.02,39.71,0.0049768,2.81063739,6.287227204
62.561,0.01,39.71,0.0024884,1.987420758,4.445740991
62.712,0.02,39.71,0.0049768,2.81063739,6.287227204
62.75,0.01,39.71,0.0024884,1.987420758,4.445740991
62.83,0.02,39.71,0.0049768,2.81063739,6.287227204
62.868,0.01,39.71,0.0024884,1.987420758,4.445740991
63.019,0.02,39.71,0.0049768,2.81063739,6.287227204
63.057,0.01,39.71,0.0024884,1.987420758,4.445740991
63.106,0.02,39.71,0.0049768,2.81063739,6.287227204
63.143,0.01,39.71,0.0024884,1.987420758,4.445740991
63.219,0.02,39.71,0.0049768,2.81063739,6.287227204
63.257,0.01,39.71,0.0024884,1.987420758,4.445740991
63.295,0.02,39.71,0.0049768,2.81063739,6.287227204
63.371,0.01,39.71,0.0024884,1.987420758,4.445740991
63.409,0.03,39.71,0.0074652,3.442313729,7.700249273
63.446,0.02,39.71,0.0049768,2.81063739,6.287227204
64.31,0.01,39.71,0.0024884,1.987420758,4.445740991
64.348,0.02,39.71,0.0049768,2.81063739,6.287227204
64.424,0.01,39.71,0.0024884,1.987420758,4.445740991
64.501,0.02,39.71,0.0049768,2.81063739,6.287227204
64.577,0.01,39.71,0.0024884,1.987420758,4.445740991
64.692,0.02,39.71,0.0049768,2.81063739,6.287227204
64.998,0.03,39.71,0.0074652,3.442313729,7.700249273
65.036,0.02,39.71,0.0049768,2.81063739,6.287227204
65.113,0.01,39.71,0.0024884,1.987420758,4.445740991
65.15,0.02,39.71,0.0049768,2.81063739,6.287227204
65.305,0.03,39.71,0.0074652,3.442313729,7.700249273
65.38,0.02,39.71,0.0049768,2.81063739,6.287227204
65.567,0.03,39.71,0.0074652,3.442313729,7.700249273
65.642,0.02,39.71,0.0049768,2.81063739,6.287227204
65.679,0.03,39.71,0.0074652,3.442313729,7.700249273
65.717,0.02,39.71,0.0049768,2.81063739,6.287227204
65.792,0.03,39.71,0.0074652,3.442313729,7.700249273
65.903,0.02,39.71,0.0049768,2.81063739,6.287227204
65.941,0.03,39.71,0.0074652,3.442313729,7.700249273
65.978,0.02,39.71,0.0049768,2.81063739,6.287227204
66.433,0.01,39.71,0.0024884,1.987420758,4.445740991
66.47,0.02,39.71,0.0049768,2.81063739,6.287227204
66.657,0.01,39.71,0.0024884,1.987420758,4.445740991
66.732,0.02,39.71,0.0049768,2.81063739,6.287227204
66.806,0.01,39.71,0.0024884,1.987420758,4.445740991
66.843,0.02,39.71,0.0049768,2.81063739,6.287227204
67.03,0.01,39.71,0.0024884,1.987420758,4.445740991
67.142,0.02,39.71,0.0049768,2.81063739,6.287227204
67.179,0.01,39.71,0.0024884,1.987420758,4.445740991
67.303,0.02,39.71,0.0049768,2.81063739,6.287227204
67.34,0.03,39.71,0.0074652,3.442313729,7.700249273
67.493,0.04,39.71,0.0099536,3.974841516,8.891481981
67.568,0.05,39.71,0.012442,4.444007915,9.940979066
67.643,0.06,39.71,0.0149304,4.868166762,10.88979696
67.867,0.05,39.71,0.012442,4.444007915,9.940979066
67.991,0.04,39.71,0.0099536,3.974841516,8.891481981
68.141,0.05,39.71,0.012442,4.444007915,9.940979066
68.215,0.06,39.71,0.0149304,4.868166762,10.88979696
68.477,0.05,39.71,0.012442,4.444007915,9.940979066
68.514,0.06,39.71,0.0149304,4.868166762,10.88979696
68.595,0.07,39.71,0.0174188,5.258221076,11.76232505
68.707,0.08,39.71,0.0199072,5.621274781,12.57445441
68.856,0.09,39.71,0.0223956,5.962262274,13.33722297
68.931,0.08,39.71,0.0199072,5.621274781,12.57445441
68.968,0.1,39.71,0.024884,6.284776265,14.05866742
69.006,0.09,39.71,0.0223956,5.962262274,13.33722297
69.08,0.1,39.71,0.024884,6.284776265,14.05866742
69.154,0.11,39.71,0.0273724,6.591528955,14.74485478
69.267,0.12,39.71,0.0298608,6.884627458,15.40049855
69.416,0.13,39.71,0.0323492,7.165747449,16.0293471
69.528,0.14,39.71,0.0348376,7.43624756,16.63443962
69.641,0.16,39.71,0.0398144,7.949683033,17.78296396
69.72,0.17,39.71,0.0423028,8.194345708,18.33025969
69.756,0.18,39.71,0.0447912,8.431912171,18.86168161
69.794,0.19,39.71,0.0472796,8.662966243,19.37853571
69.869,0.2,39.71,0.049768,8.88801583,19.88195813
69.944,0.21,39.71,0.0522564,9.107506062,20.37294461
70.019,0.22,39.71,0.0547448,9.321829645,20.85237361
70.056,0.23,39.71,0.0572332,9.531335122,21.32102479
70.131,0.24,39.71,0.0597216,9.736333523,21.77959391
70.168,0.26,39.71,0.0646984,10.13389723,22.66892006
70.243,0.27,39.71,0.0671868,10.32694119,23.10074782
70.28,0.29,39.71,0.0721636,10.70258832,23.94104792
70.318,0.3,39.71,0.074652,10.8855518,24.35032625
70.429,0.32,39.71,0.0796288,11.24254956,25.14890882
70.467,0.33,39.71,0.0821172,11.41686305,25.53883763
70.504,0.34,39.71,0.0846056,11.58855484,25.92290185
70.542,0.37,39.71,0.0920708,12.08900852,27.04238672
70.58,0.38,39.71,0.0945592,12.25128435,27.40538802
70.654,0.39,39.71,0.0970476,12.41143866,27.76364359
70.691,0.4,39.71,0.099536,12.56955253,28.11733484
70.729,0.41,39.71,0.1020244,12.72570203,28.46663189
70.766,0.4,39.71,0.099536,12.56955253,28.11733484
70.803,0.41,39.71,0.1020244,12.72570203,28.46663189
70.841,0.44,39.71,0.1094896,13.18305791,29.48970956
70.884,0.48,39.71,0.1194432,13.76925492,30.80099709
70.921,0.5,39.71,0.12442,14.05318695,31.43613602
70.959,0.53,39.71,0.1318852,14.46864152,32.36548295
71.032,0.55,39.71,0.136862,14.73910682,32.97049761
71.07,0.54,39.71,0.1343736,14.60450028,32.66939087
71.107,0.58,39.71,0.1443272,15.13574556,33.85775467
71.145,0.57,39.71,0.1418388,15.00469768,33.56460842
71.182,0.58,39.71,0.1443272,15.13574556,33.85775467
71.22,0.6,39.71,0.149304,15.394495,34.43656164
71.257,0.62,39.71,0.1542808,15.6489667,35.00579957
71.369,0.65,39.71,0.161746,16.02309841,35.84270975
71.406,0.64,39.71,0.1592576,15.89936607,35.56592793
71.481,0.67,39.71,0.1667228,16.26774001,36.38995834
71.518,0.72,39.71,0.1791648,16.86382434,37.72336322
71.556,0.73,39.71,0.1816532,16.9805304,37.98442768
71.592,0.72,39.71,0.1791648,16.86382434,37.72336322
71.667,0.73,39.71,0.1816532,16.9805304,37.98442768
71.705,0.74,39.71,0.1841416,17.0964398,38.24371005
71.742,0.73,39.71,0.1816532,16.9805304,37.98442768
71.78,0.79,39.71,0.1965836,17.66458209,39.51461025
71.817,0.82,39.71,0.2040488,17.9968604,40.2578969
71.855,0.76,39.71,0.1891184,17.32593249,38.75707142
71.891,0.74,39.71,0.1841416,17.0964398,38.24371005
71.928,0.73,39.71,0.1816532,16.9805304,37.98442768
71.966,0.72,39.71,0.1791648,16.86382434,37.72336322
72.008,0.67,39.71,0.1667228,16.26774001,36.38995834
72.045,0.68,39.71,0.1692112,16.38869142,36.66051938
72.158,0.65,39.71,0.161746,16.02309841,35.84270975
72.195,0.64,39.71,0.1592576,15.89936607,35.56592793
72.269,0.62,39.71,0.1542808,15.6489667,35.00579957
72.344,0.64,39.71,0.1592576,15.89936607,35.56592793
72.381,0.59,39.71,0.1468156,15.26566851,34.14838451
72.419,0.57,39.71,0.1418388,15.00469768,33.56460842
72.457,0.54,39.71,0.1343736,14.60450028,32.66939087
72.494,0.59,39.71,0.1468156,15.26566851,34.14838451
72.531,0.57,39.71,0.1418388,15.00469768,33.56460842
72.568,0.58,39.71,0.1443272,15.13574556,33.85775467
72.606,0.57,39.71,0.1418388,15.00469768,33.56460842
72.644,0.52,39.71,0.1293968,14.3314949,32.0586942
72.692,0.51,39.71,0.1269084,14.1930231,31.7489411
72.804,0.47,39.71,0.1169548,13.62507026,30.47846468
72.842,0.48,39.71,0.1194432,13.76925492,30.80099709
72.879,0.5,39.71,0.12442,14.05318695,31.43613602
72.916,0.47,39.71,0.1169548,13.62507026,30.47846468
72.953,0.49,39.71,0.1219316,13.91194531,31.12018693
72.991,0.47,39.71,0.1169548,13.62507026,30.47846468
73.066,0.49,39.71,0.1219316,13.91194531,31.12018693
73.103,0.46,39.71,0.1144664,13.4793434,30.15248242
73.159,0.47,39.71,0.1169548,13.62507026,30.47846468
73.196,0.51,39.71,0.1269084,14.1930231,31.7489411
73.234,0.47,39.71,0.1169548,13.62507026,30.47846468
73.271,0.46,39.71,0.1144664,13.4793434,30.15248242
73.309,0.44,39.71,0.1094896,13.18305791,29.48970956
73.346,0.42,39.71,0.1045128,12.87995859,28.81169457
73.458,0.4,39.71,0.099536,12.56955253,28.11733484
73.495,0.42,39.71,0.1045128,12.87995859,28.81169457
73.645,0.41,39.71,0.1020244,12.72570203,28.46663189
73.681,0.43,39.71,0.1070012,13.03238944,29.15267324
73.719,0.44,39.71,0.1094896,13.18305791,29.48970956
73.756,0.43,39.71,0.1070012,13.03238944,29.15267324
73.794,0.42,39.71,0.1045128,12.87995859,28.81169457
73.831,0.46,39.71,0.1144664,13.4793434,30.15248242
73.869,0.43,39.71,0.1070012,13.03238944,29.15267324
73.944,0.41,39.71,0.1020244,12.72570203,28.46663189
73.98,0.42,39.71,0.1045128,12.87995859,28.81169457
74.018,0.43,39.71,0.1070012,13.03238944,29.15267324
74.055,0.4,39.71,0.099536,12.56955253,28.11733484
74.093,0.42,39.71,0.1045128,12.87995859,28.81169457
74.131,0.41,39.71,0.1020244,12.72570203,28.46663189
74.168,0.43,39.71,0.1070012,13.03238944,29.15267324
74.206,0.42,39.71,0.1045128,12.87995859,28.81169457
74.243,0.4,39.71,0.099536,12.56955253,28.11733484
74.285,0.39,39.71,0.0970476,12.41143866,27.76364359
74.322,0.37,39.71,0.0920708,12.08900852,27.04238672
74.359,0.36,39.71,0.0895824,11.92452455,26.67444594
74.397,0.35,39.71,0.087094,11.75773977,26.3013584
74.434,0.36,39.71,0.0895824,11.92452455,26.67444594
74.472,0.37,39.71,0.0920708,12.08900852,27.04238672
74.509,0.36,39.71,0.0895824,11.92452455,26.67444594
74.547,0.34,39.71,0.0846056,11.58855484,25.92290185
74.696,0.35,39.71,0.087094,11.75773977,26.3013584
74.733,0.37,39.71,0.0920708,12.08900852,27.04238672
74.771,0.35,39.71,0.087094,11.75773977,26.3013584
74.808,0.36,39.71,0.0895824,11.92452455,26.67444594
74.846,0.35,39.71,0.087094,11.75773977,26.3013584
74.883,0.34,39.71,0.0846056,11.58855484,25.92290185
74.957,0.35,39.71,0.087094,11.75773977,26.3013584
74.995,0.34,39.71,0.0846056,11.58855484,25.92290185
75.07,0.33,39.71,0.0821172,11.41686305,25.53883763
75.145,0.32,39.71,0.0796288,11.24254956,25.14890882
75.183,0.31,39.71,0.0771404,11.06549047,24.75283825
75.257,0.29,39.71,0.0721636,10.70258832,23.94104792
75.369,0.27,39.71,0.0671868,10.32694119,23.10074782
75.412,0.29,39.71,0.0721636,10.70258832,23.94104792
75.45,0.28,39.71,0.0696752,10.51644215,23.52465011
75.525,0.27,39.71,0.0671868,10.32694119,23.10074782
75.598,0.28,39.71,0.0696752,10.51644215,23.52465011
75.636,0.26,39.71,0.0646984,10.13389723,22.66892006
75.711,0.25,39.71,0.06221,9.937103791,22.22870495
75.823,0.23,39.71,0.0572332,9.531335122,21.32102479
75.86,0.24,39.71,0.0597216,9.736333523,21.77959391
75.935,0.23,39.71,0.0572332,9.531335122,21.32102479
76.047,0.25,39.71,0.06221,9.937103791,22.22870495
76.122,0.22,39.71,0.0547448,9.321829645,20.85237361
76.16,0.23,39.71,0.0572332,9.531335122,21.32102479
76.273,0.21,39.71,0.0522564,9.107506062,20.37294461
76.386,0.2,39.71,0.049768,8.88801583,19.88195813
76.423,0.19,39.71,0.0472796,8.662966243,19.37853571
76.461,0.18,39.71,0.0447912,8.431912171,18.86168161
76.497,0.17,39.71,0.0423028,8.194345708,18.33025969
76.539,0.2,39.71,0.049768,8.88801583,19.88195813
76.652,0.23,39.71,0.0572332,9.531335122,21.32102479
76.988,0.22,39.71,0.0547448,9.321829645,20.85237361
77.026,0.21,39.71,0.0522564,9.107506062,20.37294461
77.101,0.2,39.71,0.049768,8.88801583,19.88195813
77.175,0.19,39.71,0.0472796,8.662966243,19.37853571
77.212,0.18,39.71,0.0447912,8.431912171,18.86168161
77.287,0.17,39.71,0.0423028,8.194345708,18.33025969
77.325,0.18,39.71,0.0447912,8.431912171,18.86168161
77.449,0.17,39.71,0.0423028,8.194345708,18.33025969
77.523,0.16,39.71,0.0398144,7.949683033,17.78296396
77.598,0.15,39.71,0.037326,7.697247498,17.21828082
77.679,0.14,39.71,0.0348376,7.43624756,16.63443962
77.829,0.13,39.71,0.0323492,7.165747449,16.0293471
77.865,0.14,39.71,0.0348376,7.43624756,16.63443962
77.903,0.13,39.71,0.0323492,7.165747449,16.0293471
78.053,0.12,39.71,0.0298608,6.884627458,15.40049855
78.091,0.14,39.71,0.0348376,7.43624756,16.63443962
78.128,0.13,39.71,0.0323492,7.165747449,16.0293471
78.202,0.11,39.71,0.0273724,6.591528955,14.74485478
78.239,0.12,39.71,0.0298608,6.884627458,15.40049855
78.427,0.14,39.71,0.0348376,7.43624756,16.63443962
78.501,0.13,39.71,0.0323492,7.165747449,16.0293471
78.538,0.12,39.71,0.0298608,6.884627458,15.40049855
78.651,0.11,39.71,0.0273724,6.591528955,14.74485478
78.688,0.12,39.71,0.0298608,6.884627458,15.40049855
78.763,0.11,39.71,0.0273724,6.591528955,14.74485478
78.842,0.1,39.71,0.024884,6.284776265,14.05866742
78.88,0.11,39.71,0.0273724,6.591528955,14.74485478
78.917,0.12,39.71,0.0298608,6.884627458,15.40049855
78.955,0.11,39.71,0.0273724,6.591528955,14.74485478
79.067,0.12,39.71,0.0298608,6.884627458,15.40049855
79.141,0.11,39.71,0.0273724,6.591528955,14.74485478
79.254,0.1,39.71,0.024884,6.284776265,14.05866742
79.329,0.09,39.71,0.0223956,5.962262274,13.33722297
79.478,0.08,39.71,0.0199072,5.621274781,12.57445441
79.553,0.09,39.71,0.0223956,5.962262274,13.33722297
79.591,0.08,39.71,0.0199072,5.621274781,12.57445441
79.777,0.07,39.71,0.0174188,5.258221076,11.76232505
79.852,0.08,39.71,0.0199072,5.621274781,12.57445441
79.89,0.07,39.71,0.0174188,5.258221076,11.76232505
80.156,0.06,39.71,0.0149304,4.868166762,10.88979696
80.231,0.07,39.71,0.0174188,5.258221076,11.76232505
80.417,0.06,39.71,0.0149304,4.868166762,10.88979696
80.567,0.05,39.71,0.012442,4.444007915,9.940979066
80.642,0.06,39.71,0.0149304,4.868166762,10.88979696
80.791,0.07,39.71,0.0174188,5.258221076,11.76232505
80.942,0.05,39.71,0.012442,4.444007915,9.940979066
81.274,0.04,39.71,0.0099536,3.974841516,8.891481981
81.387,0.03,39.71,0.0074652,3.442313729,7.700249273
81.424,0.04,39.71,0.0099536,3.974841516,8.891481981
81.499,0.05,39.71,0.012442,4.444007915,9.940979066
81.761,0.06,39.71,0.0149304,4.868166762,10.88979696
81.948,0.05,39.71,0.012442,4.444007915,9.940979066
81.985,0.06,39.71,0.0149304,4.868166762,10.88979696
82.222,0.07,39.71,0.0174188,5.258221076,11.76232505
82.258,0.08,39.71,0.0199072,5.621274781,12.57445441
82.426,0.07,39.71,0.0174188,5.258221076,11.76232505
82.463,0.08,39.71,0.0199072,5.621274781,12.57445441
82.501,0.09,39.71,0.0223956,5.962262274,13.33722297
82.576,0.1,39.71,0.024884,6.284776265,14.05866742
82.689,0.09,39.71,0.0223956,5.962262274,13.33722297
82.913,0.1,39.71,0.024884,6.284776265,14.05866742
83.025,0.11,39.71,0.0273724,6.591528955,14.74485478
83.1,0.1,39.71,0.024884,6.284776265,14.05866742
83.175,0.09,39.71,0.0223956,5.962262274,13.33722297
83.213,0.1,39.71,0.024884,6.284776265,14.05866742
83.25,0.09,39.71,0.0223956,5.962262274,13.33722297
83.288,0.1,39.71,0.024884,6.284776265,14.05866742
83.324,0.09,39.71,0.0223956,5.962262274,13.33722297
83.4,0.1,39.71,0.024884,6.284776265,14.05866742
83.518,0.12,39.71,0.0298608,6.884627458,15.40049855
83.555,0.11,39.71,0.0273724,6.591528955,14.74485478
83.63,0.1,39.71,0.024884,6.284776265,14.05866742
83.742,0.11,39.71,0.0273724,6.591528955,14.74485478
83.892,0.13,39.71,0.0323492,7.165747449,16.0293471
83.93,0.12,39.71,0.0298608,6.884627458,15.40049855
84.004,0.13,39.71,0.0323492,7.165747449,16.0293471
84.116,0.15,39.71,0.037326,7.697247498,17.21828082
84.154,0.14,39.71,0.0348376,7.43624756,16.63443962
84.229,0.13,39.71,0.0323492,7.165747449,16.0293471
84.265,0.12,39.71,0.0298608,6.884627458,15.40049855
84.34,0.11,39.71,0.0273724,6.591528955,14.74485478
84.416,0.1,39.71,0.024884,6.284776265,14.05866742
84.453,0.11,39.71,0.0273724,6.591528955,14.74485478
84.528,0.12,39.71,0.0298608,6.884627458,15.40049855
84.57,0.11,39.71,0.0273724,6.591528955,14.74485478
84.72,0.12,39.71,0.0298608,6.884627458,15.40049855
84.757,0.13,39.71,0.0323492,7.165747449,16.0293471
84.795,0.12,39.71,0.0298608,6.884627458,15.40049855
84.832,0.14,39.71,0.0348376,7.43624756,16.63443962
84.87,0.13,39.71,0.0323492,7.165747449,16.0293471
84.944,0.15,39.71,0.037326,7.697247498,17.21828082
84.982,0.14,39.71,0.0348376,7.43624756,16.63443962
85.019,0.15,39.71,0.037326,7.697247498,17.21828082
85.057,0.14,39.71,0.0348376,7.43624756,16.63443962
85.094,0.13,39.71,0.0323492,7.165747449,16.0293471
85.132,0.14,39.71,0.0348376,7.43624756,16.63443962
85.169,0.13,39.71,0.0323492,7.165747449,16.0293471
85.207,0.12,39.71,0.0298608,6.884627458,15.40049855
85.244,0.13,39.71,0.0323492,7.165747449,16.0293471
85.281,0.14,39.71,0.0348376,7.43624756,16.63443962
85.319,0.13,39.71,0.0323492,7.165747449,16.0293471
85.356,0.14,39.71,0.0348376,7.43624756,16.63443962
85.469,0.13,39.71,0.0323492,7.165747449,16.0293471
85.507,0.12,39.71,0.0298608,6.884627458,15.40049855
85.543,0.13,39.71,0.0323492,7.165747449,16.0293471
85.581,0.12,39.71,0.0298608,6.884627458,15.40049855
85.619,0.13,39.71,0.0323492,7.165747449,16.0293471
85.656,0.12,39.71,0.0298608,6.884627458,15.40049855
85.812,0.13,39.71,0.0323492,7.165747449,16.0293471
85.886,0.14,39.71,0.0348376,7.43624756,16.63443962
85.961,0.16,39.71,0.0398144,7.949683033,17.78296396
86.111,0.15,39.71,0.037326,7.697247498,17.21828082
86.297,0.16,39.71,0.0398144,7.949683033,17.78296396
86.335,0.14,39.71,0.0348376,7.43624756,16.63443962
86.41,0.15,39.71,0.037326,7.697247498,17.21828082
86.484,0.17,39.71,0.0423028,8.194345708,18.33025969
86.559,0.16,39.71,0.0398144,7.949683033,17.78296396
86.597,0.15,39.71,0.037326,7.697247498,17.21828082
86.634,0.16,39.71,0.0398144,7.949683033,17.78296396
86.672,0.15,39.71,0.037326,7.697247498,17.21828082
86.747,0.14,39.71,0.0348376,7.43624756,16.63443962
86.784,0.13,39.71,0.0323492,7.165747449,16.0293471
86.825,0.15,39.71,0.037326,7.697247498,17.21828082
86.864,0.14,39.71,0.0348376,7.43624756,16.63443962
86.949,0.15,39.71,0.037326,7.697247498,17.21828082
87.024,0.13,39.71,0.0323492,7.165747449,16.0293471
87.062,0.14,39.71,0.0348376,7.43624756,16.63443962
87.1,0.15,39.71,0.037326,7.697247498,17.21828082
87.324,0.14,39.71,0.0348376,7.43624756,16.63443962
87.362,0.15,39.71,0.037326,7.697247498,17.21828082
87.475,0.14,39.71,0.0348376,7.43624756,16.63443962
87.549,0.13,39.71,0.0323492,7.165747449,16.0293471
87.586,0.12,39.71,0.0298608,6.884627458,15.40049855
87.699,0.09,39.71,0.0223956,5.962262274,13.33722297
87.737,0.1,39.71,0.024884,6.284776265,14.05866742
87.812,0.12,39.71,0.0298608,6.884627458,15.40049855
87.849,0.11,39.71,0.0273724,6.591528955,14.74485478
87.886,0.1,39.71,0.024884,6.284776265,14.05866742
87.924,0.11,39.71,0.0273724,6.591528955,14.74485478
88.079,0.1,39.71,0.024884,6.284776265,14.05866742
88.192,0.09,39.71,0.0223956,5.962262274,13.33722297
88.304,0.07,39.71,0.0174188,5.258221076,11.76232505
88.491,0.09,39.71,0.0223956,5.962262274,13.33722297
88.528,0.08,39.71,0.0199072,5.621274781,12.57445441
88.603,0.07,39.71,0.0174188,5.258221076,11.76232505
88.79,0.08,39.71,0.0199072,5.621274781,12.57445441
88.827,0.07,39.71,0.0174188,5.258221076,11.76232505
88.939,0.06,39.71,0.0149304,4.868166762,10.88979696
88.977,0.07,39.71,0.0174188,5.258221076,11.76232505
89.014,0.06,39.71,0.0149304,4.868166762,10.88979696
89.132,0.05,39.71,0.012442,4.444007915,9.940979066
89.206,0.06,39.71,0.0149304,4.868166762,10.88979696
89.243,0.05,39.71,0.012442,4.444007915,9.940979066
89.281,0.06,39.71,0.0149304,4.868166762,10.88979696
89.318,0.05,39.71,0.012442,4.444007915,9.940979066
89.431,0.06,39.71,0.0149304,4.868166762,10.88979696
89.505,0.05,39.71,0.012442,4.444007915,9.940979066
89.73,0.06,39.71,0.0149304,4.868166762,10.88979696
89.767,0.07,39.71,0.0174188,5.258221076,11.76232505
89.804,0.06,39.71,0.0149304,4.868166762,10.88979696
89.88,0.05,39.71,0.012442,4.444007915,9.940979066
90.066,0.04,39.71,0.0099536,3.974841516,8.891481981
90.141,0.03,39.71,0.0074652,3.442313729,7.700249273
90.408,0.02,39.71,0.0049768,2.81063739,6.287227204
90.52,0.03,39.71,0.0074652,3.442313729,7.700249273
90.558,0.02,39.71,0.0049768,2.81063739,6.287227204
90.782,0.01,39.71,0.0024884,1.987420758,4.445740991
90.932,0.0,39.71,0.0,0.0,0.0
92.308,0.02,39.71,0.0049768,2.81063739,6.287227204
92.346,0.01,39.71,0.0024884,1.987420758,4.445740991
92.495,0.02,39.71,0.0049768,2.81063739,6.287227204
92.613,0.01,39.71,0.0024884,1.987420758,4.445740991
92.651,0.02,39.71,0.0049768,2.81063739,6.287227204
92.726,0.01,39.71,0.0024884,1.987420758,4.445740991
92.763,0.0,39.71,0.0,0.0,0.0
,,,,,
