Time(ms),Pressure,Temperature,inH2O to Pa,Pa to m/s,m/s to mph
0.271,0.01,39.72,0.0024884,1.987420758,4.445740991
0.306,0.01,39.72,0.0024884,1.987420758,4.445740991
0.342,0.01,39.72,0.0024884,1.987420758,4.445740991
0.376,0.01,39.72,0.0024884,1.987420758,4.445740991
0.411,0.01,39.72,0.0024884,1.987420758,4.445740991
0.446,0.01,39.72,0.0024884,1.987420758,4.445740991
0.481,0.01,39.72,0.0024884,1.987420758,4.445740991
0.516,0.01,39.72,0.0024884,1.987420758,4.445740991
0.551,0.01,39.72,0.0024884,1.987420758,4.445740991
0.586,0.01,39.72,0.0024884,1.987420758,4.445740991
0.621,0.01,39.72,0.0024884,1.987420758,4.445740991
0.656,0.01,39.72,0.0024884,1.987420758,4.445740991
0.691,0.01,39.72,0.0024884,1.987420758,4.445740991
0.726,0.01,39.72,0.0024884,1.987420758,4.445740991
0.761,0,39.72,0,0,0
0.799,0,39.72,0,0,0
0.837,0,39.72,0,0,0
0.874,0,39.72,0,0,0
0.912,0.01,39.72,0.0024884,1.987420758,4.445740991
0.949,0,39.72,0,0,0
0.987,0,39.72,0,0,0
1.024,0,39.72,0,0,0
1.061,0,39.72,0,0,0
1.099,0,39.72,0,0,0
1.136,0,39.72,0,0,0
1.174,0,39.72,0,0,0
1.211,0,39.72,0,0,0
1.249,0,39.72,0,0,0
1.286,0,39.72,0,0,0
1.324,0,39.72,0,0,0
1.36,0.01,39.72,0.0024884,1.987420758,4.445740991
1.398,0.01,39.72,0.0024884,1.987420758,4.445740991
1.439,0.01,39.72,0.0024884,1.987420758,4.445740991
1.474,0.01,39.72,0.0024884,1.987420758,4.445740991
1.511,0.01,39.72,0.0024884,1.987420758,4.445740991
1.548,0.01,39.72,0.0024884,1.987420758,4.445740991
1.586,0,39.72,0,0,0
1.623,0,39.72,0,0,0
1.66,0,39.72,0,0,0
1.697,0.01,39.72,0.0024884,1.987420758,4.445740991
1.735,0,39.72,0,0,0
1.773,0,39.72,0,0,0
1.81,0,39.72,0,0,0
1.848,0,39.72,0,0,0
1.885,0.01,39.72,0.0024884,1.987420758,4.445740991
1.923,0,39.72,0,0,0
1.959,0,39.72,0,0,0
1.997,0,39.72,0,0,0
2.035,0,39.72,0,0,0
2.072,0,39.72,0,0,0
2.11,0,39.72,0,0,0
2.147,0,39.72,0,0,0
2.185,0,39.72,0,0,0
2.222,0,39.72,0,0,0
2.259,0,39.72,0,0,0
2.296,0,39.72,0,0,0
2.334,0,39.72,0,0,0
2.372,0.01,39.72,0.0024884,1.987420758,4.445740991
2.409,0,39.72,0,0,0
2.447,0,39.72,0,0,0
2.484,0,39.72,0,0,0
2.522,0.01,39.72,0.0024884,1.987420758,4.445740991
2.558,0,39.72,0,0,0
2.596,0.01,39.72,0.0024884,1.987420758,4.445740991
2.636,0.01,39.72,0.0024884,1.987420758,4.445740991
2.671,0.01,39.72,0.0024884,1.987420758,4.445740991
2.709,0.01,39.72,0.0024884,1.987420758,4.445740991
2.746,0.01,39.72,0.0024884,1.987420758,4.445740991
2.784,0.01,39.72,0.0024884,1.987420758,4.445740991
2.821,0.01,39.72,0.0024884,1.987420758,4.445740991
2.859,0.01,39.72,0.0024884,1.987420758,4.445740991
2.896,0.01,39.72,0.0024884,1.987420758,4.445740991
2.933,0.01,39.72,0.0024884,1.987420758,4.445740991
2.971,0.01,39.72,0.0024884,1.987420758,4.445740991
3.008,0.01,39.72,0.0024884,1.987420758,4.445740991
3.046,0.01,39.72,0.0024884,1.987420758,4.445740991
3.083,0.01,39.72,0.0024884,1.987420758,4.445740991
3.121,0.01,39.72,0.0024884,1.987420758,4.445740991
3.158,0.01,39.72,0.0024884,1.987420758,4.445740991
3.195,0.01,39.72,0.0024884,1.987420758,4.445740991
3.233,0.01,39.72,0.0024884,1.987420758,4.445740991
3.27,0.01,39.72,0.0024884,1.987420758,4.445740991
3.308,0.01,39.72,0.0024884,1.987420758,4.445740991
3.345,0.01,39.72,0.0024884,1.987420758,4.445740991
3.383,0,39.72,0,0,0
3.42,0.01,39.72,0.0024884,1.987420758,4.445740991
3.458,0.01,39.72,0.0024884,1.987420758,4.445740991
3.495,0.01,39.72,0.0024884,1.987420758,4.445740991
3.532,0.01,39.72,0.0024884,1.987420758,4.445740991
3.57,0.01,39.72,0.0024884,1.987420758,4.445740991
3.607,0.01,39.72,0.0024884,1.987420758,4.445740991
3.645,0.01,39.72,0.0024884,1.987420758,4.445740991
3.682,0.01,39.72,0.0024884,1.987420758,4.445740991
3.72,0.01,39.72,0.0024884,1.987420758,4.445740991
3.757,0.01,39.72,0.0024884,1.987420758,4.445740991
3.794,0.01,39.72,0.0024884,1.987420758,4.445740991
3.835,0.01,39.72,0.0024884,1.987420758,4.445740991
3.87,0.01,39.72,0.0024884,1.987420758,4.445740991
3.907,0,39.72,0,0,0
3.944,0.01,39.72,0.0024884,1.987420758,4.445740991
3.982,0.01,39.72,0.0024884,1.987420758,4.445740991
4.019,0.01,39.72,0.0024884,1.987420758,4.445740991
4.057,0.01,39.72,0.0024884,1.987420758,4.445740991
4.093,0.01,39.72,0.0024884,1.987420758,4.445740991
4.131,0.01,39.72,0.0024884,1.987420758,4.445740991
4.178,0.01,39.72,0.0024884,1.987420758,4.445740991
4.213,0.01,39.72,0.0024884,1.987420758,4.445740991
4.248,0.01,39.72,0.0024884,1.987420758,4.445740991
4.283,0.01,39.72,0.0024884,1.987420758,4.445740991
4.319,0.01,39.72,0.0024884,1.987420758,4.445740991
4.356,0.01,39.72,0.0024884,1.987420758,4.445740991
4.393,0.01,39.72,0.0024884,1.987420758,4.445740991
4.431,0.01,39.72,0.0024884,1.987420758,4.445740991
4.468,0.01,39.72,0.0024884,1.987420758,4.445740991
4.506,0.01,39.72,0.0024884,1.987420758,4.445740991
4.543,0.01,39.72,0.0024884,1.987420758,4.445740991
4.581,0.01,39.72,0.0024884,1.987420758,4.445740991
4.618,0.01,39.72,0.0024884,1.987420758,4.445740991
4.656,0,39.72,0,0,0
4.692,0,39.72,0,0,0
4.73,0.01,39.72,0.0024884,1.987420758,4.445740991
4.768,0.01,39.72,0.0024884,1.987420758,4.445740991
4.805,0,39.72,0,0,0
4.843,0.01,39.72,0.0024884,1.987420758,4.445740991
4.88,0.01,39.72,0.0024884,1.987420758,4.445740991
4.918,0.01,39.72,0.0024884,1.987420758,4.445740991
4.955,0.01,39.72,0.0024884,1.987420758,4.445740991
4.993,0.01,39.72,0.0024884,1.987420758,4.445740991
5.032,0.01,39.72,0.0024884,1.987420758,4.445740991
5.067,0.01,39.72,0.0024884,1.987420758,4.445740991
5.105,0.01,39.72,0.0024884,1.987420758,4.445740991
5.142,0.01,39.72,0.0024884,1.987420758,4.445740991
5.18,0.01,39.72,0.0024884,1.987420758,4.445740991
5.217,0.01,39.72,0.0024884,1.987420758,4.445740991
5.255,0.01,39.72,0.0024884,1.987420758,4.445740991
5.293,0.01,39.72,0.0024884,1.987420758,4.445740991
5.329,0.01,39.72,0.0024884,1.987420758,4.445740991
5.367,0.01,39.72,0.0024884,1.987420758,4.445740991
5.404,0.01,39.72,0.0024884,1.987420758,4.445740991
5.442,0.01,39.72,0.0024884,1.987420758,4.445740991
5.479,0.01,39.72,0.0024884,1.987420758,4.445740991
5.517,0,39.72,0,0,0
5.554,0,39.72,0,0,0
5.592,0,39.72,0,0,0
5.629,0,39.72,0,0,0
5.666,0,39.72,0,0,0
5.704,0.01,39.72,0.0024884,1.987420758,4.445740991
5.741,0.01,39.72,0.0024884,1.987420758,4.445740991
5.779,0.01,39.72,0.0024884,1.987420758,4.445740991
5.816,0.01,39.72,0.0024884,1.987420758,4.445740991
5.854,0.01,39.72,0.0024884,1.987420758,4.445740991
5.892,0.01,39.72,0.0024884,1.987420758,4.445740991
5.928,0.01,39.72,0.0024884,1.987420758,4.445740991
5.966,0.01,39.72,0.0024884,1.987420758,4.445740991
6.003,0.02,39.72,0.0049768,2.81063739,6.287227204
6.041,0.02,39.72,0.0049768,2.81063739,6.287227204
6.078,0.01,39.72,0.0024884,1.987420758,4.445740991
6.116,0.01,39.72,0.0024884,1.987420758,4.445740991
6.153,0.02,39.72,0.0049768,2.81063739,6.287227204
6.191,0.01,39.72,0.0024884,1.987420758,4.445740991
6.232,0.02,39.72,0.0049768,2.81063739,6.287227204
6.266,0.02,39.72,0.0049768,2.81063739,6.287227204
6.303,0.01,39.72,0.0024884,1.987420758,4.445740991
6.34,0.01,39.72,0.0024884,1.987420758,4.445740991
6.378,0.01,39.72,0.0024884,1.987420758,4.445740991
6.415,0.01,39.72,0.0024884,1.987420758,4.445740991
6.453,0.01,39.72,0.0024884,1.987420758,4.445740991
6.49,0.01,39.72,0.0024884,1.987420758,4.445740991
6.528,0.01,39.72,0.0024884,1.987420758,4.445740991
6.565,0.01,39.72,0.0024884,1.987420758,4.445740991
6.602,0.01,39.72,0.0024884,1.987420758,4.445740991
6.64,0.01,39.72,0.0024884,1.987420758,4.445740991
6.677,0.01,39.72,0.0024884,1.987420758,4.445740991
6.715,0.01,39.72,0.0024884,1.987420758,4.445740991
6.752,0.01,39.72,0.0024884,1.987420758,4.445740991
6.79,0.01,39.72,0.0024884,1.987420758,4.445740991
6.828,0.01,39.72,0.0024884,1.987420758,4.445740991
6.864,0.01,39.72,0.0024884,1.987420758,4.445740991
6.902,0.01,39.72,0.0024884,1.987420758,4.445740991
6.939,0.01,39.72,0.0024884,1.987420758,4.445740991
6.977,0.01,39.72,0.0024884,1.987420758,4.445740991
7.014,0.01,39.72,0.0024884,1.987420758,4.445740991
7.052,0.01,39.72,0.0024884,1.987420758,4.445740991
7.089,0.01,39.72,0.0024884,1.987420758,4.445740991
7.127,0.01,39.72,0.0024884,1.987420758,4.445740991
7.164,0.01,39.72,0.0024884,1.987420758,4.445740991
7.201,0.01,39.72,0.0024884,1.987420758,4.445740991
7.239,0.01,39.72,0.0024884,1.987420758,4.445740991
7.276,0.01,39.72,0.0024884,1.987420758,4.445740991
7.314,0.01,39.72,0.0024884,1.987420758,4.445740991
7.351,0.01,39.72,0.0024884,1.987420758,4.445740991
7.389,0.01,39.72,0.0024884,1.987420758,4.445740991
7.428,0.01,39.72,0.0024884,1.987420758,4.445740991
7.463,0.01,39.72,0.0024884,1.987420758,4.445740991
7.501,0.02,39.72,0.0049768,2.81063739,6.287227204
7.538,0.02,39.72,0.0049768,2.81063739,6.287227204
7.576,0.02,39.72,0.0049768,2.81063739,6.287227204
7.613,0.01,39.72,0.0024884,1.987420758,4.445740991
7.651,0.01,39.72,0.0024884,1.987420758,4.445740991
7.689,0.01,39.72,0.0024884,1.987420758,4.445740991
7.726,0.01,39.72,0.0024884,1.987420758,4.445740991
7.763,0.02,39.72,0.0049768,2.81063739,6.287227204
7.8,0.02,39.72,0.0049768,2.81063739,6.287227204
7.838,0.01,39.72,0.0024884,1.987420758,4.445740991
7.875,0.02,39.72,0.0049768,2.81063739,6.287227204
7.913,0.02,39.72,0.0049768,2.81063739,6.287227204
7.95,0.02,39.72,0.0049768,2.81063739,6.287227204
7.988,0.01,39.72,0.0024884,1.987420758,4.445740991
8.026,0.01,39.72,0.0024884,1.987420758,4.445740991
8.062,0.01,39.72,0.0024884,1.987420758,4.445740991
8.1,0.01,39.72,0.0024884,1.987420758,4.445740991
8.137,0.01,39.72,0.0024884,1.987420758,4.445740991
8.175,0.01,39.72,0.0024884,1.987420758,4.445740991
8.212,0.01,39.72,0.0024884,1.987420758,4.445740991
8.25,0.01,39.72,0.0024884,1.987420758,4.445740991
8.288,0.01,39.72,0.0024884,1.987420758,4.445740991
8.325,0.01,39.72,0.0024884,1.987420758,4.445740991
8.363,0.01,39.72,0.0024884,1.987420758,4.445740991
8.399,0.02,39.72,0.0049768,2.81063739,6.287227204
8.437,0.01,39.72,0.0024884,1.987420758,4.445740991
8.474,0.01,39.72,0.0024884,1.987420758,4.445740991
8.512,0.01,39.72,0.0024884,1.987420758,4.445740991
8.549,0.01,39.72,0.0024884,1.987420758,4.445740991
8.587,0.01,39.72,0.0024884,1.987420758,4.445740991
8.628,0.01,39.72,0.0024884,1.987420758,4.445740991
8.663,0.01,39.72,0.0024884,1.987420758,4.445740991
8.699,0.01,39.72,0.0024884,1.987420758,4.445740991
8.736,0.01,39.72,0.0024884,1.987420758,4.445740991
8.774,0.01,39.72,0.0024884,1.987420758,4.445740991
8.811,0.01,39.72,0.0024884,1.987420758,4.445740991
8.849,0.01,39.72,0.0024884,1.987420758,4.445740991
8.895,0.01,39.72,0.0024884,1.987420758,4.445740991
8.931,0.01,39.72,0.0024884,1.987420758,4.445740991
8.966,0.01,39.72,0.0024884,1.987420758,4.445740991
9,0.01,39.72,0.0024884,1.987420758,4.445740991
9.036,0.01,39.72,0.0024884,1.987420758,4.445740991
9.073,0.01,39.72,0.0024884,1.987420758,4.445740991
9.111,0.01,39.72,0.0024884,1.987420758,4.445740991
9.148,0.01,39.72,0.0024884,1.987420758,4.445740991
9.186,0.01,39.72,0.0024884,1.987420758,4.445740991
9.224,0.01,39.72,0.0024884,1.987420758,4.445740991
9.261,0.02,39.72,0.0049768,2.81063739,6.287227204
9.298,0.02,39.72,0.0049768,2.81063739,6.287227204
9.335,0.02,39.72,0.0049768,2.81063739,6.287227204
9.373,0.02,39.72,0.0049768,2.81063739,6.287227204
9.41,0.01,39.72,0.0024884,1.987420758,4.445740991
9.448,0.02,39.72,0.0049768,2.81063739,6.287227204
9.485,0.02,39.72,0.0049768,2.81063739,6.287227204
9.523,0.02,39.72,0.0049768,2.81063739,6.287227204
9.561,0.02,39.72,0.0049768,2.81063739,6.287227204
9.597,0.02,39.72,0.0049768,2.81063739,6.287227204
9.635,0.02,39.72,0.0049768,2.81063739,6.287227204
9.672,0.02,39.72,0.0049768,2.81063739,6.287227204
9.71,0.02,39.72,0.0049768,2.81063739,6.287227204
9.747,0.02,39.72,0.0049768,2.81063739,6.287227204
9.785,0.02,39.72,0.0049768,2.81063739,6.287227204
9.84,0.02,39.72,0.0049768,2.81063739,6.287227204
9.877,0.01,39.72,0.0024884,1.987420758,4.445740991
9.915,0.02,39.72,0.0049768,2.81063739,6.287227204
9.953,0.02,39.72,0.0049768,2.81063739,6.287227204
9.991,0.02,39.72,0.0049768,2.81063739,6.287227204
10.028,0.02,39.72,0.0049768,2.81063739,6.287227204
10.065,0.02,39.72,0.0049768,2.81063739,6.287227204
10.103,0.02,39.72,0.0049768,2.81063739,6.287227204
10.141,0.02,39.72,0.0049768,2.81063739,6.287227204
10.178,0.02,39.72,0.0049768,2.81063739,6.287227204
10.216,0.02,39.72,0.0049768,2.81063739,6.287227204
10.254,0.02,39.72,0.0049768,2.81063739,6.287227204
10.292,0.02,39.72,0.0049768,2.81063739,6.287227204
10.33,0.02,39.72,0.0049768,2.81063739,6.287227204
10.366,0.02,39.72,0.0049768,2.81063739,6.287227204
10.404,0.02,39.72,0.0049768,2.81063739,6.287227204
10.442,0.02,39.72,0.0049768,2.81063739,6.287227204
10.48,0.02,39.72,0.0049768,2.81063739,6.287227204
10.517,0.03,39.72,0.0074652,3.442313729,7.700249273
10.555,0.03,39.72,0.0074652,3.442313729,7.700249273
10.593,0.03,39.72,0.0074652,3.442313729,7.700249273
10.631,0.03,39.72,0.0074652,3.442313729,7.700249273
10.668,0.03,39.72,0.0074652,3.442313729,7.700249273
10.705,0.02,39.72,0.0049768,2.81063739,6.287227204
10.743,0.02,39.72,0.0049768,2.81063739,6.287227204
10.781,0.02,39.72,0.0049768,2.81063739,6.287227204
10.818,0.02,39.72,0.0049768,2.81063739,6.287227204
10.856,0.03,39.72,0.0074652,3.442313729,7.700249273
10.894,0.03,39.72,0.0074652,3.442313729,7.700249273
10.932,0.03,39.72,0.0074652,3.442313729,7.700249273
10.975,0.03,39.72,0.0074652,3.442313729,7.700249273
11.013,0.03,39.72,0.0074652,3.442313729,7.700249273
11.049,0.03,39.72,0.0074652,3.442313729,7.700249273
11.087,0.03,39.72,0.0074652,3.442313729,7.700249273
11.125,0.02,39.72,0.0049768,2.81063739,6.287227204
11.162,0.03,39.72,0.0074652,3.442313729,7.700249273
11.2,0.03,39.72,0.0074652,3.442313729,7.700249273
11.238,0.03,39.72,0.0074652,3.442313729,7.700249273
11.275,0.02,39.72,0.0049768,2.81063739,6.287227204
11.313,0.03,39.72,0.0074652,3.442313729,7.700249273
11.351,0.02,39.72,0.0049768,2.81063739,6.287227204
11.388,0.02,39.72,0.0049768,2.81063739,6.287227204
11.425,0.02,39.72,0.0049768,2.81063739,6.287227204
11.463,0.02,39.72,0.0049768,2.81063739,6.287227204
11.501,0.02,39.72,0.0049768,2.81063739,6.287227204
11.538,0.02,39.72,0.0049768,2.81063739,6.287227204
11.576,0.02,39.72,0.0049768,2.81063739,6.287227204
11.614,0.02,39.72,0.0049768,2.81063739,6.287227204
11.651,0.02,39.72,0.0049768,2.81063739,6.287227204
11.688,0.02,39.72,0.0049768,2.81063739,6.287227204
11.726,0.02,39.72,0.0049768,2.81063739,6.287227204
11.763,0.02,39.72,0.0049768,2.81063739,6.287227204
11.801,0.02,39.72,0.0049768,2.81063739,6.287227204
11.839,0.02,39.72,0.0049768,2.81063739,6.287227204
11.876,0.02,39.72,0.0049768,2.81063739,6.287227204
11.914,0.02,39.72,0.0049768,2.81063739,6.287227204
11.952,0.02,39.72,0.0049768,2.81063739,6.287227204
11.988,0.02,39.72,0.0049768,2.81063739,6.287227204
12.026,0.02,39.72,0.0049768,2.81063739,6.287227204
12.064,0.02,39.72,0.0049768,2.81063739,6.287227204
12.106,0.02,39.72,0.0049768,2.81063739,6.287227204
12.144,0.02,39.72,0.0049768,2.81063739,6.287227204
12.181,0.02,39.72,0.0049768,2.81063739,6.287227204
12.219,0.02,39.72,0.0049768,2.81063739,6.287227204
12.257,0.02,39.72,0.0049768,2.81063739,6.287227204
12.295,0.02,39.72,0.0049768,2.81063739,6.287227204
12.332,0.02,39.72,0.0049768,2.81063739,6.287227204
12.369,0.02,39.72,0.0049768,2.81063739,6.287227204
12.407,0.02,39.72,0.0049768,2.81063739,6.287227204
12.444,0.02,39.72,0.0049768,2.81063739,6.287227204
12.482,0.02,39.72,0.0049768,2.81063739,6.287227204
12.52,0.02,39.72,0.0049768,2.81063739,6.287227204
12.558,0.02,39.72,0.0049768,2.81063739,6.287227204
12.595,0.02,39.72,0.0049768,2.81063739,6.287227204
12.633,0.02,39.72,0.0049768,2.81063739,6.287227204
12.67,0.02,39.72,0.0049768,2.81063739,6.287227204
12.708,0.02,39.72,0.0049768,2.81063739,6.287227204
12.745,0.02,39.72,0.0049768,2.81063739,6.287227204
12.783,0.02,39.72,0.0049768,2.81063739,6.287227204
12.821,0.02,39.72,0.0049768,2.81063739,6.287227204
12.858,0.02,39.72,0.0049768,2.81063739,6.287227204
12.896,0.02,39.72,0.0049768,2.81063739,6.287227204
12.934,0.02,39.72,0.0049768,2.81063739,6.287227204
12.972,0.02,39.72,0.0049768,2.81063739,6.287227204
13.009,0.02,39.72,0.0049768,2.81063739,6.287227204
13.046,0.02,39.72,0.0049768,2.81063739,6.287227204
13.084,0.02,39.72,0.0049768,2.81063739,6.287227204
13.122,0.02,39.72,0.0049768,2.81063739,6.287227204
13.159,0.02,39.72,0.0049768,2.81063739,6.287227204
13.197,0.02,39.72,0.0049768,2.81063739,6.287227204
13.235,0.02,39.72,0.0049768,2.81063739,6.287227204
13.27,0.02,39.72,0.0049768,2.81063739,6.287227204
13.306,0.02,39.72,0.0049768,2.81063739,6.287227204
13.344,0.02,39.72,0.0049768,2.81063739,6.287227204
13.382,0.02,39.72,0.0049768,2.81063739,6.287227204
13.42,0.02,39.72,0.0049768,2.81063739,6.287227204
13.457,0.02,39.72,0.0049768,2.81063739,6.287227204
13.495,0.02,39.72,0.0049768,2.81063739,6.287227204
13.533,0.02,39.72,0.0049768,2.81063739,6.287227204
13.571,0.02,39.72,0.0049768,2.81063739,6.287227204
13.608,0.02,39.72,0.0049768,2.81063739,6.287227204
13.657,0.02,39.72,0.0049768,2.81063739,6.287227204
13.694,0.03,39.72,0.0074652,3.442313729,7.700249273
13.732,0.03,39.72,0.0074652,3.442313729,7.700249273
13.77,0.03,39.72,0.0074652,3.442313729,7.700249273
13.808,0.03,39.72,0.0074652,3.442313729,7.700249273
13.845,0.03,39.72,0.0074652,3.442313729,7.700249273
13.883,0.03,39.72,0.0074652,3.442313729,7.700249273
13.921,0.03,39.72,0.0074652,3.442313729,7.700249273
13.959,0.03,39.72,0.0074652,3.442313729,7.700249273
13.996,0.03,39.72,0.0074652,3.442313729,7.700249273
14.033,0.02,39.72,0.0049768,2.81063739,6.287227204
14.071,0.02,39.72,0.0049768,2.81063739,6.287227204
14.109,0.02,39.72,0.0049768,2.81063739,6.287227204
14.147,0.02,39.72,0.0049768,2.81063739,6.287227204
14.184,0.03,39.72,0.0074652,3.442313729,7.700249273
14.222,0.03,39.72,0.0074652,3.442313729,7.700249273
14.26,0.02,39.72,0.0049768,2.81063739,6.287227204
14.297,0.02,39.72,0.0049768,2.81063739,6.287227204
14.334,0.02,39.72,0.0049768,2.81063739,6.287227204
14.372,0.03,39.72,0.0074652,3.442313729,7.700249273
14.415,0.03,39.72,0.0074652,3.442313729,7.700249273
14.453,0.03,39.72,0.0074652,3.442313729,7.700249273
14.49,0.03,39.72,0.0074652,3.442313729,7.700249273
14.528,0.02,39.72,0.0049768,2.81063739,6.287227204
14.566,0.03,39.72,0.0074652,3.442313729,7.700249273
14.603,0.03,39.72,0.0074652,3.442313729,7.700249273
14.641,0.02,39.72,0.0049768,2.81063739,6.287227204
14.679,0.02,39.72,0.0049768,2.81063739,6.287227204
14.716,0.02,39.72,0.0049768,2.81063739,6.287227204
14.753,0.02,39.72,0.0049768,2.81063739,6.287227204
14.791,0.02,39.72,0.0049768,2.81063739,6.287227204
14.829,0.02,39.72,0.0049768,2.81063739,6.287227204
14.867,0.02,39.72,0.0049768,2.81063739,6.287227204
14.904,0.02,39.72,0.0049768,2.81063739,6.287227204
14.942,0.02,39.72,0.0049768,2.81063739,6.287227204
14.98,0.03,39.72,0.0074652,3.442313729,7.700249273
15.017,0.03,39.72,0.0074652,3.442313729,7.700249273
15.054,0.03,39.72,0.0074652,3.442313729,7.700249273
15.092,0.03,39.72,0.0074652,3.442313729,7.700249273
15.13,0.03,39.72,0.0074652,3.442313729,7.700249273
15.167,0.03,39.72,0.0074652,3.442313729,7.700249273
15.205,0.03,39.72,0.0074652,3.442313729,7.700249273
15.243,0.03,39.72,0.0074652,3.442313729,7.700249273
15.28,0.03,39.72,0.0074652,3.442313729,7.700249273
15.318,0.03,39.72,0.0074652,3.442313729,7.700249273
15.355,0.03,39.72,0.0074652,3.442313729,7.700249273
15.393,0.02,39.72,0.0049768,2.81063739,6.287227204
15.43,0.02,39.72,0.0049768,2.81063739,6.287227204
15.468,0.02,39.72,0.0049768,2.81063739,6.287227204
15.506,0.02,39.72,0.0049768,2.81063739,6.287227204
15.548,0.02,39.72,0.0049768,2.81063739,6.287227204
15.585,0.02,39.72,0.0049768,2.81063739,6.287227204
15.623,0.02,39.72,0.0049768,2.81063739,6.287227204
15.661,0.02,39.72,0.0049768,2.81063739,6.287227204
15.698,0.02,39.72,0.0049768,2.81063739,6.287227204
15.735,0.03,39.72,0.0074652,3.442313729,7.700249273
15.773,0.03,39.72,0.0074652,3.442313729,7.700249273
15.811,0.02,39.72,0.0049768,2.81063739,6.287227204
15.849,0.02,39.72,0.0049768,2.81063739,6.287227204
15.886,0.02,39.72,0.0049768,2.81063739,6.287227204
15.924,0.02,39.72,0.0049768,2.81063739,6.287227204
15.962,0.02,39.72,0.0049768,2.81063739,6.287227204
16,0.02,39.72,0.0049768,2.81063739,6.287227204
16.037,0.02,39.72,0.0049768,2.81063739,6.287227204
16.074,0.02,39.72,0.0049768,2.81063739,6.287227204
16.112,0.02,39.72,0.0049768,2.81063739,6.287227204
16.15,0.02,39.72,0.0049768,2.81063739,6.287227204
16.187,0.02,39.72,0.0049768,2.81063739,6.287227204
16.225,0.03,39.72,0.0074652,3.442313729,7.700249273
16.263,0.03,39.72,0.0074652,3.442313729,7.700249273
16.301,0.02,39.72,0.0049768,2.81063739,6.287227204
16.337,0.02,39.72,0.0049768,2.81063739,6.287227204
16.375,0.02,39.72,0.0049768,2.81063739,6.287227204
16.413,0.02,39.72,0.0049768,2.81063739,6.287227204
16.45,0.02,39.72,0.0049768,2.81063739,6.287227204
16.488,0.02,39.72,0.0049768,2.81063739,6.287227204
16.526,0.03,39.72,0.0074652,3.442313729,7.700249273
16.564,0.02,39.72,0.0049768,2.81063739,6.287227204
16.654,12.5,40,3.1105,70.26593476,157.1806801
16.697,0.03,39.72,0.0074652,3.442313729,7.700249273
16.734,0.03,39.72,0.0074652,3.442313729,7.700249273
16.772,0.02,39.72,0.0049768,2.81063739,6.287227204
16.809,0.02,39.72,0.0049768,2.81063739,6.287227204
16.847,0.02,39.72,0.0049768,2.81063739,6.287227204
16.884,0.03,39.72,0.0074652,3.442313729,7.700249273
16.922,0.03,39.72,0.0074652,3.442313729,7.700249273
16.96,0.03,39.72,0.0074652,3.442313729,7.700249273
16.997,0.03,39.72,0.0074652,3.442313729,7.700249273
17.035,0.03,39.72,0.0074652,3.442313729,7.700249273
17.073,0.03,39.72,0.0074652,3.442313729,7.700249273
17.11,0.03,39.72,0.0074652,3.442313729,7.700249273
17.147,0.03,39.72,0.0074652,3.442313729,7.700249273
17.185,0.03,39.72,0.0074652,3.442313729,7.700249273
17.222,0.04,39.72,0.0099536,3.974841516,8.891481981
17.26,0.04,39.72,0.0099536,3.974841516,8.891481981
17.298,0.04,39.72,0.0099536,3.974841516,8.891481981
17.335,0.04,39.72,0.0099536,3.974841516,8.891481981
17.373,0.04,39.72,0.0099536,3.974841516,8.891481981
17.411,0.03,39.72,0.0074652,3.442313729,7.700249273
17.447,0.03,39.72,0.0074652,3.442313729,7.700249273
17.485,0.03,39.72,0.0074652,3.442313729,7.700249273
17.523,0.03,39.72,0.0074652,3.442313729,7.700249273
17.56,0.03,39.72,0.0074652,3.442313729,7.700249273
17.598,0.03,39.72,0.0074652,3.442313729,7.700249273
17.636,0.02,39.72,0.0049768,2.81063739,6.287227204
17.674,0.02,39.72,0.0049768,2.81063739,6.287227204
17.711,0.02,39.72,0.0049768,2.81063739,6.287227204
17.748,0.02,39.72,0.0049768,2.81063739,6.287227204
17.786,0.01,39.72,0.0024884,1.987420758,4.445740991
17.828,0.01,39.72,0.0024884,1.987420758,4.445740991
17.866,0.01,39.72,0.0024884,1.987420758,4.445740991
17.903,0.01,39.72,0.0024884,1.987420758,4.445740991
17.941,0.01,39.72,0.0024884,1.987420758,4.445740991
17.979,0.01,39.72,0.0024884,1.987420758,4.445740991
18.017,0.01,39.72,0.0024884,1.987420758,4.445740991
18.054,0.02,39.72,0.0049768,2.81063739,6.287227204
18.092,0.01,39.72,0.0024884,1.987420758,4.445740991
18.129,0.01,39.72,0.0024884,1.987420758,4.445740991
18.166,0.01,39.72,0.0024884,1.987420758,4.445740991
18.204,0.01,39.72,0.0024884,1.987420758,4.445740991
18.242,0.02,39.72,0.0049768,2.81063739,6.287227204
18.28,0.02,39.72,0.0049768,2.81063739,6.287227204
18.317,0.02,39.72,0.0049768,2.81063739,6.287227204
18.355,0.02,39.72,0.0049768,2.81063739,6.287227204
18.394,0.02,39.72,0.0049768,2.81063739,6.287227204
18.442,0.02,39.72,0.0049768,2.81063739,6.287227204
18.48,0.02,39.72,0.0049768,2.81063739,6.287227204
18.516,0.02,39.72,0.0049768,2.81063739,6.287227204
18.554,0.02,39.72,0.0049768,2.81063739,6.287227204
18.592,0.02,39.72,0.0049768,2.81063739,6.287227204
18.63,0.02,39.72,0.0049768,2.81063739,6.287227204
18.668,0.02,39.72,0.0049768,2.81063739,6.287227204
18.705,0.02,39.72,0.0049768,2.81063739,6.287227204
18.743,0.02,39.72,0.0049768,2.81063739,6.287227204
18.781,0.02,39.72,0.0049768,2.81063739,6.287227204
18.819,0.02,39.72,0.0049768,2.81063739,6.287227204
18.855,0.01,39.72,0.0024884,1.987420758,4.445740991
18.893,0.02,39.72,0.0049768,2.81063739,6.287227204
18.931,0.02,39.72,0.0049768,2.81063739,6.287227204
18.987,0.02,39.72,0.0049768,2.81063739,6.287227204
19.024,0.02,39.72,0.0049768,2.81063739,6.287227204
19.062,0.02,39.72,0.0049768,2.81063739,6.287227204
19.099,0.01,39.72,0.0024884,1.987420758,4.445740991
19.137,0.02,39.72,0.0049768,2.81063739,6.287227204
19.175,0.01,39.72,0.0024884,1.987420758,4.445740991
19.212,0.02,39.72,0.0049768,2.81063739,6.287227204
19.25,0.02,39.72,0.0049768,2.81063739,6.287227204
19.288,0.02,39.72,0.0049768,2.81063739,6.287227204
19.325,0.03,39.72,0.0074652,3.442313729,7.700249273
19.362,0.02,39.72,0.0049768,2.81063739,6.287227204
19.4,0.03,39.72,0.0074652,3.442313729,7.700249273
19.438,0.02,39.72,0.0049768,2.81063739,6.287227204
19.475,0.02,39.72,0.0049768,2.81063739,6.287227204
19.513,0.02,39.72,0.0049768,2.81063739,6.287227204
19.551,0.02,39.72,0.0049768,2.81063739,6.287227204
19.588,0.02,39.72,0.0049768,2.81063739,6.287227204
19.625,0.03,39.72,0.0074652,3.442313729,7.700249273
19.663,0.03,39.72,0.0074652,3.442313729,7.700249273
19.701,0.03,39.72,0.0074652,3.442313729,7.700249273
19.738,0.03,39.72,0.0074652,3.442313729,7.700249273
19.776,0.03,39.72,0.0074652,3.442313729,7.700249273
19.814,0.03,39.72,0.0074652,3.442313729,7.700249273
19.851,0.03,39.72,0.0074652,3.442313729,7.700249273
19.889,0.03,39.72,0.0074652,3.442313729,7.700249273
19.927,0.03,39.72,0.0074652,3.442313729,7.700249273
19.963,0.03,39.72,0.0074652,3.442313729,7.700249273
20.001,0.03,39.72,0.0074652,3.442313729,7.700249273
20.039,0.03,39.72,0.0074652,3.442313729,7.700249273
20.076,0.03,39.72,0.0074652,3.442313729,7.700249273
20.119,0.03,39.72,0.0074652,3.442313729,7.700249273
20.156,0.02,39.72,0.0049768,2.81063739,6.287227204
20.194,0.03,39.72,0.0074652,3.442313729,7.700249273
20.232,0.03,39.72,0.0074652,3.442313729,7.700249273
20.269,0.03,39.72,0.0074652,3.442313729,7.700249273
20.306,0.03,39.72,0.0074652,3.442313729,7.700249273
20.344,0.02,39.72,0.0049768,2.81063739,6.287227204
20.382,0.03,39.72,0.0074652,3.442313729,7.700249273
20.419,0.03,39.72,0.0074652,3.442313729,7.700249273
20.457,0.03,39.72,0.0074652,3.442313729,7.700249273
20.495,0.03,39.72,0.0074652,3.442313729,7.700249273
20.532,0.02,39.72,0.0049768,2.81063739,6.287227204
20.57,0.03,39.72,0.0074652,3.442313729,7.700249273
20.608,0.03,39.72,0.0074652,3.442313729,7.700249273
20.645,0.02,39.72,0.0049768,2.81063739,6.287227204
20.682,0.03,39.72,0.0074652,3.442313729,7.700249273
20.72,0.03,39.72,0.0074652,3.442313729,7.700249273
20.758,0.03,39.72,0.0074652,3.442313729,7.700249273
20.795,0.02,39.72,0.0049768,2.81063739,6.287227204
20.833,0.02,39.72,0.0049768,2.81063739,6.287227204
20.871,0.03,39.72,0.0074652,3.442313729,7.700249273
20.909,0.02,39.72,0.0049768,2.81063739,6.287227204
20.945,0.02,39.72,0.0049768,2.81063739,6.287227204
20.983,0.02,39.72,0.0049768,2.81063739,6.287227204
21.021,0.02,39.72,0.0049768,2.81063739,6.287227204
21.058,0.02,39.72,0.0049768,2.81063739,6.287227204
21.096,0.02,39.72,0.0049768,2.81063739,6.287227204
21.134,0.03,39.72,0.0074652,3.442313729,7.700249273
21.171,0.02,39.72,0.0049768,2.81063739,6.287227204
21.209,0.03,39.72,0.0074652,3.442313729,7.700249273
21.246,0.02,39.72,0.0049768,2.81063739,6.287227204
21.289,0.03,39.72,0.0074652,3.442313729,7.700249273
21.327,0.03,39.72,0.0074652,3.442313729,7.700249273
21.364,0.03,39.72,0.0074652,3.442313729,7.700249273
21.402,0.02,39.72,0.0049768,2.81063739,6.287227204
21.44,0.02,39.72,0.0049768,2.81063739,6.287227204
21.477,0.02,39.72,0.0049768,2.81063739,6.287227204
21.515,0.03,39.72,0.0074652,3.442313729,7.700249273
21.553,0.03,39.72,0.0074652,3.442313729,7.700249273
21.59,0.03,39.72,0.0074652,3.442313729,7.700249273
21.627,0.02,39.72,0.0049768,2.81063739,6.287227204
21.665,0.03,39.72,0.0074652,3.442313729,7.700249273
21.702,0.02,39.72,0.0049768,2.81063739,6.287227204
21.74,0.02,39.72,0.0049768,2.81063739,6.287227204
21.778,0.02,39.72,0.0049768,2.81063739,6.287227204
21.815,0.02,39.72,0.0049768,2.81063739,6.287227204
21.853,0.02,39.72,0.0049768,2.81063739,6.287227204
21.891,0.02,39.72,0.0049768,2.81063739,6.287227204
21.927,0.02,39.72,0.0049768,2.81063739,6.287227204
21.965,0.02,39.72,0.0049768,2.81063739,6.287227204
22.003,0.03,39.72,0.0074652,3.442313729,7.700249273
22.04,0.02,39.72,0.0049768,2.81063739,6.287227204
22.078,0.02,39.72,0.0049768,2.81063739,6.287227204
22.116,0.02,39.72,0.0049768,2.81063739,6.287227204
22.153,0.02,39.72,0.0049768,2.81063739,6.287227204
22.191,0.02,39.72,0.0049768,2.81063739,6.287227204
22.228,0.03,39.72,0.0074652,3.442313729,7.700249273
22.265,0.02,39.72,0.0049768,2.81063739,6.287227204
22.303,0.02,39.72,0.0049768,2.81063739,6.287227204
22.341,0.02,39.72,0.0049768,2.81063739,6.287227204
22.378,0.02,39.72,0.0049768,2.81063739,6.287227204
22.421,0.03,39.72,0.0074652,3.442313729,7.700249273
22.458,0.02,39.72,0.0049768,2.81063739,6.287227204
22.496,0.03,39.72,0.0074652,3.442313729,7.700249273
22.534,0.03,39.72,0.0074652,3.442313729,7.700249273
22.571,0.04,39.72,0.0099536,3.974841516,8.891481981
22.608,0.04,39.72,0.0099536,3.974841516,8.891481981
22.646,0.04,39.72,0.0099536,3.974841516,8.891481981
22.683,0.04,39.72,0.0099536,3.974841516,8.891481981
22.721,0.04,39.72,0.0099536,3.974841516,8.891481981
22.759,0.03,39.72,0.0074652,3.442313729,7.700249273
22.797,0.03,39.72,0.0074652,3.442313729,7.700249273
22.834,0.04,39.72,0.0099536,3.974841516,8.891481981
22.872,0.03,39.72,0.0074652,3.442313729,7.700249273
22.909,0.03,39.72,0.0074652,3.442313729,7.700249273
22.946,0.03,39.72,0.0074652,3.442313729,7.700249273
22.984,0.04,39.72,0.0099536,3.974841516,8.891481981
23.022,0.03,39.72,0.0074652,3.442313729,7.700249273
23.059,0.03,39.72,0.0074652,3.442313729,7.700249273
23.097,0.03,39.72,0.0074652,3.442313729,7.700249273
23.136,0.03,39.72,0.0074652,3.442313729,7.700249273
23.184,0.03,39.72,0.0074652,3.442313729,7.700249273
23.222,0.03,39.72,0.0074652,3.442313729,7.700249273
23.259,0.03,39.72,0.0074652,3.442313729,7.700249273
23.297,0.03,39.72,0.0074652,3.442313729,7.700249273
23.334,0.03,39.72,0.0074652,3.442313729,7.700249273
23.372,0.02,39.72,0.0049768,2.81063739,6.287227204
23.409,0.04,39.72,0.0099536,3.974841516,8.891481981
23.447,0.03,39.72,0.0074652,3.442313729,7.700249273
23.485,0.03,39.72,0.0074652,3.442313729,7.700249273
23.523,0.03,39.72,0.0074652,3.442313729,7.700249273
23.566,0.03,39.72,0.0074652,3.442313729,7.700249273
23.603,0.03,39.72,0.0074652,3.442313729,7.700249273
23.641,0.03,39.72,0.0074652,3.442313729,7.700249273
23.678,0.03,39.72,0.0074652,3.442313729,7.700249273
23.715,0.02,39.72,0.0049768,2.81063739,6.287227204
23.753,0.02,39.72,0.0049768,2.81063739,6.287227204
23.791,0.03,39.72,0.0074652,3.442313729,7.700249273
23.829,0.03,39.72,0.0074652,3.442313729,7.700249273
23.866,0.03,39.72,0.0074652,3.442313729,7.700249273
23.904,0.03,39.72,0.0074652,3.442313729,7.700249273
23.942,0.03,39.72,0.0074652,3.442313729,7.700249273
23.979,0.03,39.72,0.0074652,3.442313729,7.700249273
24.016,0.02,39.72,0.0049768,2.81063739,6.287227204
24.054,0.02,39.72,0.0049768,2.81063739,6.287227204
24.091,0.02,39.72,0.0049768,2.81063739,6.287227204
24.129,0.02,39.72,0.0049768,2.81063739,6.287227204
24.167,0.03,39.72,0.0074652,3.442313729,7.700249273
24.204,0.02,39.72,0.0049768,2.81063739,6.287227204
24.242,0.02,39.72,0.0049768,2.81063739,6.287227204
24.28,0.02,39.72,0.0049768,2.81063739,6.287227204
24.316,0.02,39.72,0.0049768,2.81063739,6.287227204
24.354,0.03,39.72,0.0074652,3.442313729,7.700249273
24.392,0.03,39.72,0.0074652,3.442313729,7.700249273
24.43,0.03,39.72,0.0074652,3.442313729,7.700249273
24.467,0.02,39.72,0.0049768,2.81063739,6.287227204
24.505,0.02,39.72,0.0049768,2.81063739,6.287227204
24.543,0.02,39.72,0.0049768,2.81063739,6.287227204
24.58,0.02,39.72,0.0049768,2.81063739,6.287227204
24.617,0.02,39.72,0.0049768,2.81063739,6.287227204
24.655,0.02,39.72,0.0049768,2.81063739,6.287227204
24.697,0.02,39.72,0.0049768,2.81063739,6.287227204
24.735,0.02,39.72,0.0049768,2.81063739,6.287227204
24.772,0.02,39.72,0.0049768,2.81063739,6.287227204
24.81,0.02,39.72,0.0049768,2.81063739,6.287227204
24.848,0.02,39.72,0.0049768,2.81063739,6.287227204
24.885,0.02,39.72,0.0049768,2.81063739,6.287227204
24.923,0.02,39.72,0.0049768,2.81063739,6.287227204
24.961,0.03,39.72,0.0074652,3.442313729,7.700249273
24.998,0.04,39.72,0.0099536,3.974841516,8.891481981
25.035,0.04,39.72,0.0099536,3.974841516,8.891481981
25.073,0.04,39.72,0.0099536,3.974841516,8.891481981
25.111,0.04,39.72,0.0099536,3.974841516,8.891481981
25.149,0.03,39.72,0.0074652,3.442313729,7.700249273
25.186,0.03,39.72,0.0074652,3.442313729,7.700249273
25.224,0.03,39.72,0.0074652,3.442313729,7.700249273
25.262,0.03,39.72,0.0074652,3.442313729,7.700249273
25.299,0.03,39.72,0.0074652,3.442313729,7.700249273
25.336,0.03,39.72,0.0074652,3.442313729,7.700249273
25.374,0.03,39.72,0.0074652,3.442313729,7.700249273
25.412,0.04,39.72,0.0099536,3.974841516,8.891481981
25.449,0.03,39.72,0.0074652,3.442313729,7.700249273
25.487,0.04,39.72,0.0099536,3.974841516,8.891481981
25.525,0.04,39.72,0.0099536,3.974841516,8.891481981
25.563,0.04,39.72,0.0099536,3.974841516,8.891481981
25.6,0.03,39.72,0.0074652,3.442313729,7.700249273
25.637,0.03,39.72,0.0074652,3.442313729,7.700249273
25.675,0.03,39.72,0.0074652,3.442313729,7.700249273
25.712,0.03,39.72,0.0074652,3.442313729,7.700249273
25.75,0.03,39.72,0.0074652,3.442313729,7.700249273
25.788,0.02,39.72,0.0049768,2.81063739,6.287227204
25.831,0.03,39.72,0.0074652,3.442313729,7.700249273
25.869,0.03,39.72,0.0074652,3.442313729,7.700249273
25.906,0.02,39.72,0.0049768,2.81063739,6.287227204
25.944,0.02,39.72,0.0049768,2.81063739,6.287227204
25.981,0.03,39.72,0.0074652,3.442313729,7.700249273
26.018,0.02,39.72,0.0049768,2.81063739,6.287227204
26.056,0.03,39.72,0.0074652,3.442313729,7.700249273
26.094,0.03,39.72,0.0074652,3.442313729,7.700249273
26.131,0.03,39.72,0.0074652,3.442313729,7.700249273
26.169,0.03,39.72,0.0074652,3.442313729,7.700249273
26.207,0.03,39.72,0.0074652,3.442313729,7.700249273
26.244,0.02,39.72,0.0049768,2.81063739,6.287227204
26.281,0.02,39.72,0.0049768,2.81063739,6.287227204
26.319,0.02,39.72,0.0049768,2.81063739,6.287227204
26.356,0.03,39.72,0.0074652,3.442313729,7.700249273
26.394,0.02,39.72,0.0049768,2.81063739,6.287227204
26.432,0.03,39.72,0.0074652,3.442313729,7.700249273
26.469,0.02,39.72,0.0049768,2.81063739,6.287227204
26.507,0.02,39.72,0.0049768,2.81063739,6.287227204
26.545,0.02,39.72,0.0049768,2.81063739,6.287227204
26.582,0.02,39.72,0.0049768,2.81063739,6.287227204
26.619,0.03,39.72,0.0074652,3.442313729,7.700249273
26.657,0.03,39.72,0.0074652,3.442313729,7.700249273
26.694,0.03,39.72,0.0074652,3.442313729,7.700249273
26.732,0.02,39.72,0.0049768,2.81063739,6.287227204
26.77,0.02,39.72,0.0049768,2.81063739,6.287227204
26.807,0.02,39.72,0.0049768,2.81063739,6.287227204
26.845,0.02,39.72,0.0049768,2.81063739,6.287227204
26.883,0.03,39.72,0.0074652,3.442313729,7.700249273
26.919,0.03,39.72,0.0074652,3.442313729,7.700249273
26.961,0.04,39.72,0.0099536,3.974841516,8.891481981
26.999,0.04,39.72,0.0099536,3.974841516,8.891481981
27.037,0.04,39.72,0.0099536,3.974841516,8.891481981
27.074,0.04,39.72,0.0099536,3.974841516,8.891481981
27.112,0.04,39.72,0.0099536,3.974841516,8.891481981
27.15,0.03,39.72,0.0074652,3.442313729,7.700249273
27.187,0.03,39.72,0.0074652,3.442313729,7.700249273
27.225,0.04,39.72,0.0099536,3.974841516,8.891481981
27.262,0.04,39.72,0.0099536,3.974841516,8.891481981
27.299,0.03,39.72,0.0074652,3.442313729,7.700249273
27.337,0.04,39.72,0.0099536,3.974841516,8.891481981
27.375,0.03,39.72,0.0074652,3.442313729,7.700249273
27.412,0.04,39.72,0.0099536,3.974841516,8.891481981
27.45,0.04,39.72,0.0099536,3.974841516,8.891481981
27.488,0.04,39.72,0.0099536,3.974841516,8.891481981
27.525,0.04,39.72,0.0099536,3.974841516,8.891481981
27.563,0.03,39.72,0.0074652,3.442313729,7.700249273
27.6,0.04,39.72,0.0099536,3.974841516,8.891481981
27.637,0.04,39.72,0.0099536,3.974841516,8.891481981
27.675,0.04,39.72,0.0099536,3.974841516,8.891481981
27.713,0.05,39.72,0.012442,4.444007915,9.940979066
27.75,0.04,39.72,0.0099536,3.974841516,8.891481981
27.788,0.05,39.72,0.012442,4.444007915,9.940979066
27.826,0.04,39.72,0.0099536,3.974841516,8.891481981
27.863,0.06,39.72,0.0149304,4.868166762,10.88979696
27.901,0.05,39.72,0.012442,4.444007915,9.940979066
27.95,0.06,39.72,0.0149304,4.868166762,10.88979696
27.987,0.07,39.72,0.0174188,5.258221076,11.76232505
28.024,0.07,39.72,0.0174188,5.258221076,11.76232505
28.062,0.06,39.72,0.0149304,4.868166762,10.88979696
28.12,0.07,39.72,0.0174188,5.258221076,11.76232505
28.157,0.1,39.72,0.024884,6.284776265,14.05866742
28.195,0.1,39.72,0.024884,6.284776265,14.05866742
28.233,0.1,39.72,0.024884,6.284776265,14.05866742
28.271,0.11,39.72,0.0273724,6.591528955,14.74485478
28.309,0.12,39.72,0.0298608,6.884627458,15.40049855
28.347,0.12,39.72,0.0298608,6.884627458,15.40049855
28.386,0.12,39.72,0.0298608,6.884627458,15.40049855
28.424,0.12,39.72,0.0298608,6.884627458,15.40049855
28.462,0.12,39.72,0.0298608,6.884627458,15.40049855
28.499,0.12,39.72,0.0298608,6.884627458,15.40049855
28.537,0.12,39.72,0.0298608,6.884627458,15.40049855
28.575,0.13,39.72,0.0323492,7.165747449,16.0293471
28.613,0.12,39.72,0.0298608,6.884627458,15.40049855
28.651,0.14,39.72,0.0348376,7.43624756,16.63443962
28.689,0.14,39.72,0.0348376,7.43624756,16.63443962
28.727,0.13,39.72,0.0323492,7.165747449,16.0293471
28.766,0.14,39.72,0.0348376,7.43624756,16.63443962
28.804,0.13,39.72,0.0323492,7.165747449,16.0293471
28.841,0.14,39.72,0.0348376,7.43624756,16.63443962
28.879,0.14,39.72,0.0348376,7.43624756,16.63443962
28.917,0.14,39.72,0.0348376,7.43624756,16.63443962
28.955,0.14,39.72,0.0348376,7.43624756,16.63443962
28.993,0.15,39.72,0.037326,7.697247498,17.21828082
29.031,0.16,39.72,0.0398144,7.949683033,17.78296396
29.069,0.14,39.72,0.0348376,7.43624756,16.63443962
29.108,0.15,39.72,0.037326,7.697247498,17.21828082
29.146,0.16,39.72,0.0398144,7.949683033,17.78296396
29.184,0.16,39.72,0.0398144,7.949683033,17.78296396
29.221,0.16,39.72,0.0398144,7.949683033,17.78296396
29.264,0.16,39.72,0.0398144,7.949683033,17.78296396
29.301,0.17,39.72,0.0423028,8.194345708,18.33025969
29.338,0.17,39.72,0.0423028,8.194345708,18.33025969
29.375,0.16,39.72,0.0398144,7.949683033,17.78296396
29.413,0.18,39.72,0.0447912,8.431912171,18.86168161
29.45,0.18,39.72,0.0447912,8.431912171,18.86168161
29.487,0.18,39.72,0.0447912,8.431912171,18.86168161
29.524,0.18,39.72,0.0447912,8.431912171,18.86168161
29.561,0.19,39.72,0.0472796,8.662966243,19.37853571
29.598,0.19,39.72,0.0472796,8.662966243,19.37853571
29.635,0.19,39.72,0.0472796,8.662966243,19.37853571
29.673,0.2,39.72,0.049768,8.88801583,19.88195813
29.71,0.21,39.72,0.0522564,9.107506062,20.37294461
29.747,0.21,39.72,0.0522564,9.107506062,20.37294461
29.785,0.2,39.72,0.049768,8.88801583,19.88195813
29.821,0.2,39.72,0.049768,8.88801583,19.88195813
29.858,0.22,39.72,0.0547448,9.321829645,20.85237361
29.896,0.24,39.72,0.0597216,9.736333523,21.77959391
29.933,0.25,39.72,0.06221,9.937103791,22.22870495
29.97,0.27,39.72,0.0671868,10.32694119,23.10074782
30.008,0.27,39.72,0.0671868,10.32694119,23.10074782
30.045,0.28,39.72,0.0696752,10.51644215,23.52465011
30.082,0.29,39.72,0.0721636,10.70258832,23.94104792
30.118,0.32,39.72,0.0796288,11.24254956,25.14890882
30.156,0.29,39.72,0.0721636,10.70258832,23.94104792
30.193,0.29,39.72,0.0721636,10.70258832,23.94104792
30.23,0.29,39.72,0.0721636,10.70258832,23.94104792
30.268,0.3,39.72,0.074652,10.8855518,24.35032625
30.305,0.3,39.72,0.074652,10.8855518,24.35032625
30.342,0.31,39.72,0.0771404,11.06549047,24.75283825
30.38,0.32,39.72,0.0796288,11.24254956,25.14890882
30.414,0.33,39.72,0.0821172,11.41686305,25.53883763
30.451,0.32,39.72,0.0796288,11.24254956,25.14890882
30.488,0.37,39.72,0.0920708,12.08900852,27.04238672
30.525,0.39,39.72,0.0970476,12.41143866,27.76364359
30.563,0.4,39.72,0.099536,12.56955253,28.11733484
30.6,0.42,39.72,0.1045128,12.87995859,28.81169457
30.637,0.41,39.72,0.1020244,12.72570203,28.46663189
30.673,0.42,39.72,0.1045128,12.87995859,28.81169457
30.711,0.43,39.72,0.1070012,13.03238944,29.15267324
30.748,0.42,39.72,0.1045128,12.87995859,28.81169457
30.785,0.45,39.72,0.111978,13.33202375,29.8229372
30.823,0.48,39.72,0.1194432,13.76925492,30.80099709
30.86,0.48,39.72,0.1194432,13.76925492,30.80099709
30.897,0.49,39.72,0.1219316,13.91194531,31.12018693
30.935,0.48,39.72,0.1194432,13.76925492,30.80099709
30.971,0.48,39.72,0.1194432,13.76925492,30.80099709
31.008,0.47,39.72,0.1169548,13.62507026,30.47846468
31.045,0.47,39.72,0.1169548,13.62507026,30.47846468
31.083,0.46,39.72,0.1144664,13.4793434,30.15248242
31.12,0.46,39.72,0.1144664,13.4793434,30.15248242
31.157,0.47,39.71,0.1169548,13.62507026,30.47846468
31.194,0.49,39.72,0.1219316,13.91194531,31.12018693
31.232,0.48,39.72,0.1194432,13.76925492,30.80099709
31.268,0.5,39.71,0.12442,14.05318695,31.43613602
31.305,0.52,39.72,0.1293968,14.3314949,32.0586942
31.343,0.53,39.72,0.1318852,14.46864152,32.36548295
31.38,0.54,39.72,0.1343736,14.60450028,32.66939087
31.417,0.56,39.72,0.1393504,14.87249512,33.26887923
31.454,0.57,39.72,0.1418388,15.00469768,33.56460842
31.492,0.58,39.72,0.1443272,15.13574556,33.85775467
31.534,0.6,39.72,0.149304,15.394495,34.43656164
31.571,0.64,39.72,0.1592576,15.89936607,35.56592793
31.608,0.66,39.72,0.1642344,16.14588257,36.11737055
31.645,0.69,39.72,0.1716996,16.5087567,36.9290982
31.682,0.68,39.72,0.1692112,16.38869142,36.66051938
31.72,0.64,39.72,0.1592576,15.89936607,35.56592793
31.757,0.64,39.72,0.1592576,15.89936607,35.56592793
31.794,0.65,39.72,0.161746,16.02309841,35.84270975
31.831,0.65,39.72,0.161746,16.02309841,35.84270975
31.867,0.65,39.72,0.161746,16.02309841,35.84270975
31.905,0.61,39.72,0.1517924,15.52225233,34.72234713
31.942,0.66,39.72,0.1642344,16.14588257,36.11737055
31.979,0.67,39.72,0.1667228,16.26774001,36.38995834
32.016,0.65,39.72,0.161746,16.02309841,35.84270975
32.054,0.66,39.72,0.1642344,16.14588257,36.11737055
32.091,0.64,39.72,0.1592576,15.89936607,35.56592793
32.128,0.63,39.72,0.1567692,15.77466323,35.28697516
32.164,0.61,39.72,0.1517924,15.52225233,34.72234713
32.202,0.62,39.72,0.1542808,15.6489667,35.00579957
32.239,0.65,39.72,0.161746,16.02309841,35.84270975
32.276,0.61,39.72,0.1517924,15.52225233,34.72234713
32.313,0.71,39.72,0.1766764,16.74630497,37.46047944
32.351,0.68,39.72,0.1692112,16.38869142,36.66051938
32.388,0.69,39.72,0.1716996,16.5087567,36.9290982
32.424,0.71,39.72,0.1766764,16.74630497,37.46047944
32.461,0.71,39.72,0.1766764,16.74630497,37.46047944
32.499,0.7,39.72,0.174188,16.62795504,37.19573775
32.536,0.69,39.72,0.1716996,16.5087567,36.9290982
32.573,0.7,39.72,0.174188,16.62795504,37.19573775
32.61,0.72,39.72,0.1791648,16.86382434,37.72336322
32.663,0.72,39.72,0.1791648,16.86382434,37.72336322
32.7,0.71,39.72,0.1766764,16.74630497,37.46047944
32.738,0.76,39.72,0.1891184,17.32593249,38.75707142
32.775,0.77,39.72,0.1916068,17.43954638,39.01121887
32.812,0.78,39.72,0.1940952,17.55242488,39.2637213
32.849,0.75,39.72,0.18663,17.21156865,38.50124637
32.886,0.77,39.72,0.1916068,17.43954638,39.01121887
32.923,0.7,39.72,0.174188,16.62795504,37.19573775
32.96,0.77,39.72,0.1916068,17.43954638,39.01121887
32.998,0.75,39.72,0.18663,17.21156865,38.50124637
33.035,0.72,39.72,0.1791648,16.86382434,37.72336322
33.072,0.71,39.72,0.1766764,16.74630497,37.46047944
33.11,0.76,39.72,0.1891184,17.32593249,38.75707142
33.146,0.71,39.72,0.1766764,16.74630497,37.46047944
33.183,0.73,39.72,0.1816532,16.9805304,37.98442768
33.221,0.79,39.72,0.1965836,17.66458209,39.51461025
33.258,0.78,39.72,0.1940952,17.55242488,39.2637213
33.295,0.78,39.72,0.1940952,17.55242488,39.2637213
33.333,0.77,39.72,0.1916068,17.43954638,39.01121887
33.37,0.8,39.71,0.199072,17.77603166,39.76391626
33.406,0.83,39.72,0.2065372,18.10626481,40.50262801
33.443,0.86,39.72,0.2140024,18.4305819,41.22810588
33.481,0.88,39.71,0.2189792,18.64365929,41.70474721
33.518,0.84,39.72,0.2090256,18.21501212,40.74588922
33.555,0.79,39.72,0.1965836,17.66458209,39.51461025
33.592,0.8,39.72,0.199072,17.77603166,39.76391626
33.63,0.8,39.72,0.199072,17.77603166,39.76391626
33.667,0.87,39.72,0.2164908,18.53742675,41.46711139
33.703,0.89,39.72,0.2214676,18.74928993,41.94103662
33.74,0.89,39.72,0.2214676,18.74928993,41.94103662
33.783,0.85,39.72,0.211514,18.32311403,40.98770671
33.82,0.86,39.72,0.2140024,18.4305819,41.22810588
33.858,0.81,39.72,0.2015604,17.88678682,40.01166892
33.895,0.82,39.72,0.2040488,17.9968604,40.2578969
33.932,0.85,39.72,0.211514,18.32311403,40.98770671
33.969,0.84,39.72,0.2090256,18.21501212,40.74588922
34.007,0.84,39.72,0.2090256,18.21501212,40.74588922
34.043,0.82,39.72,0.2040488,17.9968604,40.2578969
34.08,0.81,39.72,0.2015604,17.88678682,40.01166892
34.117,0.74,39.72,0.1841416,17.0964398,38.24371005
34.155,0.66,39.72,0.1642344,16.14588257,36.11737055
34.192,0.67,39.72,0.1667228,16.26774001,36.38995834
34.229,0.61,39.71,0.1517924,15.52225233,34.72234713
34.266,0.69,39.72,0.1716996,16.5087567,36.9290982
34.302,0.66,39.72,0.1642344,16.14588257,36.11737055
34.34,0.63,39.72,0.1567692,15.77466323,35.28697516
34.377,0.64,39.72,0.1592576,15.89936607,35.56592793
34.414,0.69,39.71,0.1716996,16.5087567,36.9290982
34.451,0.67,39.71,0.1667228,16.26774001,36.38995834
34.489,0.6,39.71,0.149304,15.394495,34.43656164
34.526,0.64,39.71,0.1592576,15.89936607,35.56592793
34.563,0.62,39.71,0.1542808,15.6489667,35.00579957
34.599,0.59,39.71,0.1468156,15.26566851,34.14838451
34.637,0.61,39.71,0.1517924,15.52225233,34.72234713
34.674,0.53,39.72,0.1318852,14.46864152,32.36548295
34.711,0.55,39.71,0.136862,14.73910682,32.97049761
34.748,0.54,39.71,0.1343736,14.60450028,32.66939087
34.786,0.55,39.72,0.136862,14.73910682,32.97049761
34.823,0.51,39.72,0.1269084,14.1930231,31.7489411
34.86,0.53,39.71,0.1318852,14.46864152,32.36548295
34.902,0.51,39.71,0.1269084,14.1930231,31.7489411
34.938,0.47,39.71,0.1169548,13.62507026,30.47846468
34.975,0.48,39.71,0.1194432,13.76925492,30.80099709
35.012,0.45,39.71,0.111978,13.33202375,29.8229372
35.05,0.44,39.72,0.1094896,13.18305791,29.48970956
35.087,0.42,39.72,0.1045128,12.87995859,28.81169457
35.124,0.44,39.71,0.1094896,13.18305791,29.48970956
35.162,0.42,39.71,0.1045128,12.87995859,28.81169457
35.198,0.41,39.71,0.1020244,12.72570203,28.46663189
35.235,0.41,39.71,0.1020244,12.72570203,28.46663189
35.272,0.42,39.71,0.1045128,12.87995859,28.81169457
35.31,0.39,39.71,0.0970476,12.41143866,27.76364359
35.347,0.42,39.71,0.1045128,12.87995859,28.81169457
35.384,0.41,39.71,0.1020244,12.72570203,28.46663189
35.422,0.4,39.71,0.099536,12.56955253,28.11733484
35.459,0.37,39.71,0.0920708,12.08900852,27.04238672
35.495,0.37,39.71,0.0920708,12.08900852,27.04238672
35.532,0.37,39.71,0.0920708,12.08900852,27.04238672
35.57,0.34,39.71,0.0846056,11.58855484,25.92290185
35.607,0.34,39.71,0.0846056,11.58855484,25.92290185
35.644,0.31,39.71,0.0771404,11.06549047,24.75283825
35.681,0.32,39.71,0.0796288,11.24254956,25.14890882
35.719,0.31,39.71,0.0771404,11.06549047,24.75283825
35.756,0.31,39.71,0.0771404,11.06549047,24.75283825
35.792,0.3,39.71,0.074652,10.8855518,24.35032625
35.83,0.3,39.72,0.074652,10.8855518,24.35032625
35.867,0.29,39.71,0.0721636,10.70258832,23.94104792
35.904,0.31,39.71,0.0771404,11.06549047,24.75283825
35.941,0.34,39.71,0.0846056,11.58855484,25.92290185
35.979,0.36,39.72,0.0895824,11.92452455,26.67444594
36.021,0.33,39.71,0.0821172,11.41686305,25.53883763
36.059,0.31,39.71,0.0771404,11.06549047,24.75283825
36.096,0.32,39.71,0.0796288,11.24254956,25.14890882
36.132,0.31,39.71,0.0771404,11.06549047,24.75283825
36.169,0.32,39.71,0.0796288,11.24254956,25.14890882
36.207,0.33,39.71,0.0821172,11.41686305,25.53883763
36.244,0.32,39.72,0.0796288,11.24254956,25.14890882
36.281,0.3,39.71,0.074652,10.8855518,24.35032625
36.318,0.26,39.71,0.0646984,10.13389723,22.66892006
36.355,0.23,39.71,0.0572332,9.531335122,21.32102479
36.392,0.21,39.71,0.0522564,9.107506062,20.37294461
36.429,0.2,39.71,0.049768,8.88801583,19.88195813
36.466,0.19,39.71,0.0472796,8.662966243,19.37853571
36.503,0.21,39.71,0.0522564,9.107506062,20.37294461
36.541,0.22,39.71,0.0547448,9.321829645,20.85237361
36.578,0.23,39.71,0.0572332,9.531335122,21.32102479
36.615,0.25,39.71,0.06221,9.937103791,22.22870495
36.652,0.24,39.71,0.0597216,9.736333523,21.77959391
36.689,0.22,39.71,0.0547448,9.321829645,20.85237361
36.726,0.21,39.71,0.0522564,9.107506062,20.37294461
36.763,0.22,39.71,0.0547448,9.321829645,20.85237361
36.8,0.24,39.71,0.0597216,9.736333523,21.77959391
36.837,0.24,39.72,0.0597216,9.736333523,21.77959391
36.875,0.23,39.71,0.0572332,9.531335122,21.32102479
36.912,0.25,39.71,0.06221,9.937103791,22.22870495
36.948,0.27,39.71,0.0671868,10.32694119,23.10074782
36.985,0.24,39.71,0.0597216,9.736333523,21.77959391
37.023,0.19,39.71,0.0472796,8.662966243,19.37853571
37.06,0.18,39.71,0.0447912,8.431912171,18.86168161
37.097,0.18,39.72,0.0447912,8.431912171,18.86168161
37.151,0.21,39.71,0.0522564,9.107506062,20.37294461
37.189,0.21,39.72,0.0522564,9.107506062,20.37294461
37.226,0.21,39.71,0.0522564,9.107506062,20.37294461
37.263,0.19,39.72,0.0472796,8.662966243,19.37853571
37.302,0.2,39.72,0.049768,8.88801583,19.88195813
37.349,0.2,39.72,0.049768,8.88801583,19.88195813
37.387,0.2,39.72,0.049768,8.88801583,19.88195813
37.424,0.21,39.71,0.0522564,9.107506062,20.37294461
37.46,0.19,39.72,0.0472796,8.662966243,19.37853571
37.498,0.2,39.72,0.049768,8.88801583,19.88195813
37.535,0.19,39.72,0.0472796,8.662966243,19.37853571
37.573,0.18,39.71,0.0447912,8.431912171,18.86168161
37.61,0.19,39.72,0.0472796,8.662966243,19.37853571
37.647,0.15,39.71,0.037326,7.697247498,17.21828082
37.685,0.16,39.72,0.0398144,7.949683033,17.78296396
37.722,0.15,39.71,0.037326,7.697247498,17.21828082
37.758,0.15,39.71,0.037326,7.697247498,17.21828082
37.796,0.15,39.71,0.037326,7.697247498,17.21828082
37.833,0.14,39.71,0.0348376,7.43624756,16.63443962
37.87,0.17,39.71,0.0423028,8.194345708,18.33025969
37.908,0.17,39.71,0.0423028,8.194345708,18.33025969
37.945,0.18,39.71,0.0447912,8.431912171,18.86168161
37.982,0.16,39.72,0.0398144,7.949683033,17.78296396
38.02,0.17,39.71,0.0423028,8.194345708,18.33025969
38.056,0.16,39.71,0.0398144,7.949683033,17.78296396
38.093,0.16,39.71,0.0398144,7.949683033,17.78296396
38.131,0.17,39.71,0.0423028,8.194345708,18.33025969
38.168,0.18,39.71,0.0447912,8.431912171,18.86168161
38.205,0.17,39.71,0.0423028,8.194345708,18.33025969
38.243,0.16,39.71,0.0398144,7.949683033,17.78296396
38.285,0.17,39.71,0.0423028,8.194345708,18.33025969
38.323,0.16,39.71,0.0398144,7.949683033,17.78296396
38.36,0.16,39.71,0.0398144,7.949683033,17.78296396
38.396,0.14,39.71,0.0348376,7.43624756,16.63443962
38.434,0.14,39.71,0.0348376,7.43624756,16.63443962
38.471,0.13,39.71,0.0323492,7.165747449,16.0293471
38.508,0.13,39.71,0.0323492,7.165747449,16.0293471
38.546,0.12,39.72,0.0298608,6.884627458,15.40049855
38.583,0.14,39.72,0.0348376,7.43624756,16.63443962
38.62,0.15,39.71,0.037326,7.697247498,17.21828082
38.658,0.14,39.71,0.0348376,7.43624756,16.63443962
38.694,0.15,39.71,0.037326,7.697247498,17.21828082
38.731,0.15,39.71,0.037326,7.697247498,17.21828082
38.768,0.14,39.71,0.0348376,7.43624756,16.63443962
38.806,0.13,39.71,0.0323492,7.165747449,16.0293471
38.843,0.14,39.71,0.0348376,7.43624756,16.63443962
38.88,0.12,39.71,0.0298608,6.884627458,15.40049855
38.918,0.13,39.71,0.0323492,7.165747449,16.0293471
38.955,0.12,39.71,0.0298608,6.884627458,15.40049855
38.991,0.11,39.71,0.0273724,6.591528955,14.74485478
39.029,0.12,39.71,0.0298608,6.884627458,15.40049855
39.066,0.11,39.71,0.0273724,6.591528955,14.74485478
39.103,0.11,39.71,0.0273724,6.591528955,14.74485478
39.141,0.11,39.71,0.0273724,6.591528955,14.74485478
39.178,0.13,39.71,0.0323492,7.165747449,16.0293471
39.215,0.11,39.71,0.0273724,6.591528955,14.74485478
39.251,0.09,39.71,0.0223956,5.962262274,13.33722297
39.289,0.09,39.71,0.0223956,5.962262274,13.33722297
39.326,0.09,39.71,0.0223956,5.962262274,13.33722297
39.363,0.06,39.71,0.0149304,4.868166762,10.88979696
39.405,0.07,39.71,0.0174188,5.258221076,11.76232505
39.442,0.07,39.71,0.0174188,5.258221076,11.76232505
39.479,0.06,39.71,0.0149304,4.868166762,10.88979696
39.517,0.07,39.71,0.0174188,5.258221076,11.76232505
39.554,0.07,39.71,0.0174188,5.258221076,11.76232505
39.591,0.07,39.71,0.0174188,5.258221076,11.76232505
39.628,0.07,39.71,0.0174188,5.258221076,11.76232505
39.665,0.06,39.71,0.0149304,4.868166762,10.88979696
39.703,0.05,39.71,0.012442,4.444007915,9.940979066
39.74,0.05,39.71,0.012442,4.444007915,9.940979066
39.777,0.05,39.71,0.012442,4.444007915,9.940979066
39.815,0.06,39.71,0.0149304,4.868166762,10.88979696
39.852,0.05,39.71,0.012442,4.444007915,9.940979066
39.888,0.05,39.71,0.012442,4.444007915,9.940979066
39.925,0.06,39.71,0.0149304,4.868166762,10.88979696
39.963,0.06,39.71,0.0149304,4.868166762,10.88979696
40,0.05,39.71,0.012442,4.444007915,9.940979066
40.037,0.07,39.71,0.0174188,5.258221076,11.76232505
40.075,0.05,39.71,0.012442,4.444007915,9.940979066
40.112,0.05,39.71,0.012442,4.444007915,9.940979066
40.148,0.05,39.71,0.012442,4.444007915,9.940979066
40.186,0.06,39.71,0.0149304,4.868166762,10.88979696
40.223,0.04,39.71,0.0099536,3.974841516,8.891481981
40.26,0.06,39.71,0.0149304,4.868166762,10.88979696
40.297,0.05,39.71,0.012442,4.444007915,9.940979066
40.335,0.06,39.71,0.0149304,4.868166762,10.88979696
40.372,0.06,39.71,0.0149304,4.868166762,10.88979696
40.409,0.05,39.71,0.012442,4.444007915,9.940979066
40.446,0.04,39.71,0.0099536,3.974841516,8.891481981
40.483,0.05,39.71,0.012442,4.444007915,9.940979066
40.52,0.05,39.71,0.012442,4.444007915,9.940979066
40.563,0.05,39.71,0.012442,4.444007915,9.940979066
40.6,0.05,39.71,0.012442,4.444007915,9.940979066
40.638,0.05,39.71,0.012442,4.444007915,9.940979066
40.675,0.05,39.71,0.012442,4.444007915,9.940979066
40.712,0.06,39.71,0.0149304,4.868166762,10.88979696
40.749,0.05,39.71,0.012442,4.444007915,9.940979066
40.786,0.06,39.71,0.0149304,4.868166762,10.88979696
40.823,0.04,39.71,0.0099536,3.974841516,8.891481981
40.86,0.05,39.71,0.012442,4.444007915,9.940979066
40.897,0.06,39.71,0.0149304,4.868166762,10.88979696
40.935,0.05,39.71,0.012442,4.444007915,9.940979066
40.972,0.05,39.71,0.012442,4.444007915,9.940979066
41.009,0.06,39.71,0.0149304,4.868166762,10.88979696
41.046,0.06,39.71,0.0149304,4.868166762,10.88979696
41.083,0.07,39.71,0.0174188,5.258221076,11.76232505
41.12,0.05,39.71,0.012442,4.444007915,9.940979066
41.157,0.05,39.71,0.012442,4.444007915,9.940979066
41.194,0.04,39.71,0.0099536,3.974841516,8.891481981
41.232,0.03,39.71,0.0074652,3.442313729,7.700249273
41.269,0.03,39.71,0.0074652,3.442313729,7.700249273
41.306,0.03,39.71,0.0074652,3.442313729,7.700249273
41.344,0.04,39.71,0.0099536,3.974841516,8.891481981
41.38,0.03,39.71,0.0074652,3.442313729,7.700249273
41.417,0.04,39.71,0.0099536,3.974841516,8.891481981
41.454,0.04,39.71,0.0099536,3.974841516,8.891481981
41.492,0.04,39.71,0.0099536,3.974841516,8.891481981
41.529,0.04,39.71,0.0099536,3.974841516,8.891481981
41.566,0.03,39.71,0.0074652,3.442313729,7.700249273
41.603,0.02,39.71,0.0049768,2.81063739,6.287227204
41.64,0.03,39.71,0.0074652,3.442313729,7.700249273
41.681,0.01,39.71,0.0024884,1.987420758,4.445740991
41.719,0.02,39.71,0.0049768,2.81063739,6.287227204
41.756,0.02,39.71,0.0049768,2.81063739,6.287227204
41.793,0.03,39.71,0.0074652,3.442313729,7.700249273
41.831,0.02,39.71,0.0049768,2.81063739,6.287227204
41.868,0.02,39.71,0.0049768,2.81063739,6.287227204
41.905,0.02,39.71,0.0049768,2.81063739,6.287227204
41.942,0.01,39.71,0.0024884,1.987420758,4.445740991
41.979,0.02,39.71,0.0049768,2.81063739,6.287227204
42.017,0.01,39.71,0.0024884,1.987420758,4.445740991
42.065,0.01,39.71,0.0024884,1.987420758,4.445740991
42.102,0.01,39.71,0.0024884,1.987420758,4.445740991
42.139,0.01,39.71,0.0024884,1.987420758,4.445740991
42.177,0.02,39.71,0.0049768,2.81063739,6.287227204
42.214,0,39.71,0,0,0
42.252,0.01,39.71,0.0024884,1.987420758,4.445740991
42.289,0.01,39.71,0.0024884,1.987420758,4.445740991
42.326,0.02,39.71,0.0049768,2.81063739,6.287227204
42.363,0.01,39.71,0.0024884,1.987420758,4.445740991
42.4,0.01,39.71,0.0024884,1.987420758,4.445740991
42.437,0.01,39.71,0.0024884,1.987420758,4.445740991
42.475,0.02,39.71,0.0049768,2.81063739,6.287227204
42.512,0.02,39.71,0.0049768,2.81063739,6.287227204
42.549,0.02,39.71,0.0049768,2.81063739,6.287227204
42.587,0.02,39.71,0.0049768,2.81063739,6.287227204
42.624,0.02,39.71,0.0049768,2.81063739,6.287227204
42.66,0.03,39.71,0.0074652,3.442313729,7.700249273
42.698,0.03,39.71,0.0074652,3.442313729,7.700249273
42.735,0.03,39.71,0.0074652,3.442313729,7.700249273
42.772,0.04,39.71,0.0099536,3.974841516,8.891481981
42.815,0.04,39.71,0.0099536,3.974841516,8.891481981
42.852,0.05,39.71,0.012442,4.444007915,9.940979066
42.889,0.04,39.71,0.0099536,3.974841516,8.891481981
42.927,0.05,39.71,0.012442,4.444007915,9.940979066
42.963,0.05,39.71,0.012442,4.444007915,9.940979066
43,0.06,39.71,0.0149304,4.868166762,10.88979696
43.037,0.05,39.71,0.012442,4.444007915,9.940979066
43.075,0.05,39.71,0.012442,4.444007915,9.940979066
43.112,0.05,39.71,0.012442,4.444007915,9.940979066
43.149,0.04,39.71,0.0099536,3.974841516,8.891481981
43.187,0.06,39.71,0.0149304,4.868166762,10.88979696
43.224,0.05,39.71,0.012442,4.444007915,9.940979066
43.26,0.06,39.71,0.0149304,4.868166762,10.88979696
43.298,0.06,39.71,0.0149304,4.868166762,10.88979696
43.335,0.06,39.71,0.0149304,4.868166762,10.88979696
43.372,0.06,39.71,0.0149304,4.868166762,10.88979696
43.409,0.05,39.71,0.012442,4.444007915,9.940979066
43.447,0.05,39.71,0.012442,4.444007915,9.940979066
43.484,0.06,39.71,0.0149304,4.868166762,10.88979696
43.521,0.06,39.71,0.0149304,4.868166762,10.88979696
43.557,0.06,39.71,0.0149304,4.868166762,10.88979696
43.595,0.07,39.71,0.0174188,5.258221076,11.76232505
43.632,0.07,39.71,0.0174188,5.258221076,11.76232505
43.669,0.07,39.71,0.0174188,5.258221076,11.76232505
43.706,0.07,39.71,0.0174188,5.258221076,11.76232505
43.744,0.06,39.71,0.0149304,4.868166762,10.88979696
43.781,0.07,39.71,0.0174188,5.258221076,11.76232505
43.817,0.07,39.71,0.0174188,5.258221076,11.76232505
43.855,0.07,39.71,0.0174188,5.258221076,11.76232505
43.892,0.07,39.71,0.0174188,5.258221076,11.76232505
43.933,0.07,39.71,0.0174188,5.258221076,11.76232505
43.971,0.07,39.71,0.0174188,5.258221076,11.76232505
44.008,0.06,39.71,0.0149304,4.868166762,10.88979696
44.045,0.07,39.71,0.0174188,5.258221076,11.76232505
44.083,0.07,39.71,0.0174188,5.258221076,11.76232505
44.12,0.07,39.71,0.0174188,5.258221076,11.76232505
44.156,0.08,39.71,0.0199072,5.621274781,12.57445441
44.194,0.08,39.71,0.0199072,5.621274781,12.57445441
44.231,0.08,39.71,0.0199072,5.621274781,12.57445441
44.268,0.08,39.71,0.0199072,5.621274781,12.57445441
44.306,0.08,39.71,0.0199072,5.621274781,12.57445441
44.343,0.08,39.71,0.0199072,5.621274781,12.57445441
44.38,0.08,39.71,0.0199072,5.621274781,12.57445441
44.418,0.09,39.71,0.0223956,5.962262274,13.33722297
44.454,0.09,39.71,0.0223956,5.962262274,13.33722297
44.491,0.08,39.71,0.0199072,5.621274781,12.57445441
44.529,0.08,39.71,0.0199072,5.621274781,12.57445441
44.566,0.08,39.71,0.0199072,5.621274781,12.57445441
44.603,0.07,39.71,0.0174188,5.258221076,11.76232505
44.64,0.07,39.71,0.0174188,5.258221076,11.76232505
44.678,0.08,39.71,0.0199072,5.621274781,12.57445441
44.715,0.08,39.71,0.0199072,5.621274781,12.57445441
44.752,0.09,39.71,0.0223956,5.962262274,13.33722297
44.789,0.1,39.71,0.024884,6.284776265,14.05866742
44.826,0.1,39.71,0.024884,6.284776265,14.05866742
44.864,0.09,39.71,0.0223956,5.962262274,13.33722297
44.901,0.1,39.71,0.024884,6.284776265,14.05866742
44.938,0.09,39.71,0.0223956,5.962262274,13.33722297
44.975,0.09,39.71,0.0223956,5.962262274,13.33722297
45.012,0.09,39.71,0.0223956,5.962262274,13.33722297
45.054,0.09,39.71,0.0223956,5.962262274,13.33722297
45.092,0.09,39.71,0.0223956,5.962262274,13.33722297
45.129,0.09,39.71,0.0223956,5.962262274,13.33722297
45.166,0.08,39.71,0.0199072,5.621274781,12.57445441
45.204,0.08,39.71,0.0199072,5.621274781,12.57445441
45.241,0.08,39.71,0.0199072,5.621274781,12.57445441
45.278,0.09,39.71,0.0223956,5.962262274,13.33722297
45.315,0.08,39.71,0.0199072,5.621274781,12.57445441
45.352,0.08,39.71,0.0199072,5.621274781,12.57445441
45.389,0.08,39.71,0.0199072,5.621274781,12.57445441
45.426,0.09,39.71,0.0223956,5.962262274,13.33722297
45.463,0.09,39.71,0.0223956,5.962262274,13.33722297
45.501,0.09,39.71,0.0223956,5.962262274,13.33722297
45.538,0.09,39.71,0.0223956,5.962262274,13.33722297
45.575,0.09,39.71,0.0223956,5.962262274,13.33722297
45.613,0.09,39.71,0.0223956,5.962262274,13.33722297
45.649,0.09,39.71,0.0223956,5.962262274,13.33722297
45.686,0.1,39.71,0.024884,6.284776265,14.05866742
45.723,0.09,39.71,0.0223956,5.962262274,13.33722297
45.761,0.11,39.71,0.0273724,6.591528955,14.74485478
45.798,0.12,39.71,0.0298608,6.884627458,15.40049855
45.835,0.11,39.71,0.0273724,6.591528955,14.74485478
45.873,0.11,39.71,0.0273724,6.591528955,14.74485478
45.91,0.1,39.71,0.024884,6.284776265,14.05866742
45.946,0.1,39.71,0.024884,6.284776265,14.05866742
45.983,0.09,39.71,0.0223956,5.962262274,13.33722297
46.021,0.09,39.71,0.0223956,5.962262274,13.33722297
46.058,0.09,39.71,0.0223956,5.962262274,13.33722297
46.095,0.1,39.71,0.024884,6.284776265,14.05866742
46.132,0.1,39.71,0.024884,6.284776265,14.05866742
46.187,0.1,39.71,0.024884,6.284776265,14.05866742
46.224,0.1,39.71,0.024884,6.284776265,14.05866742
46.261,0.09,39.71,0.0223956,5.962262274,13.33722297
46.299,0.09,39.71,0.0223956,5.962262274,13.33722297
46.336,0.1,39.71,0.024884,6.284776265,14.05866742
46.372,0.09,39.71,0.0223956,5.962262274,13.33722297
46.41,0.11,39.71,0.0273724,6.591528955,14.74485478
46.447,0.09,39.71,0.0223956,5.962262274,13.33722297
46.484,0.09,39.71,0.0223956,5.962262274,13.33722297
46.522,0.09,39.71,0.0223956,5.962262274,13.33722297
46.559,0.09,39.71,0.0223956,5.962262274,13.33722297
46.596,0.09,39.71,0.0223956,5.962262274,13.33722297
46.632,0.09,39.71,0.0223956,5.962262274,13.33722297
46.67,0.09,39.71,0.0223956,5.962262274,13.33722297
46.708,0.08,39.71,0.0199072,5.621274781,12.57445441
46.756,0.1,39.71,0.024884,6.284776265,14.05866742
46.793,0.12,39.71,0.0298608,6.884627458,15.40049855
46.831,0.11,39.71,0.0273724,6.591528955,14.74485478
46.868,0.13,39.71,0.0323492,7.165747449,16.0293471
46.905,0.12,39.71,0.0298608,6.884627458,15.40049855
46.943,0.11,39.71,0.0273724,6.591528955,14.74485478
46.98,0.13,39.71,0.0323492,7.165747449,16.0293471
47.016,0.14,39.71,0.0348376,7.43624756,16.63443962
47.054,0.14,39.71,0.0348376,7.43624756,16.63443962
47.091,0.14,39.71,0.0348376,7.43624756,16.63443962
47.129,0.14,39.71,0.0348376,7.43624756,16.63443962
47.166,0.11,39.71,0.0273724,6.591528955,14.74485478
47.203,0.13,39.71,0.0323492,7.165747449,16.0293471
47.241,0.09,39.71,0.0223956,5.962262274,13.33722297
47.278,0.08,39.71,0.0199072,5.621274781,12.57445441
47.321,0.08,39.71,0.0199072,5.621274781,12.57445441
47.357,0.09,39.71,0.0223956,5.962262274,13.33722297
47.394,0.08,39.71,0.0199072,5.621274781,12.57445441
47.432,0.09,39.71,0.0223956,5.962262274,13.33722297
47.469,0.09,39.71,0.0223956,5.962262274,13.33722297
47.506,0.08,39.71,0.0199072,5.621274781,12.57445441
47.544,0.07,39.71,0.0174188,5.258221076,11.76232505
47.581,0.07,39.71,0.0174188,5.258221076,11.76232505
47.618,0.06,39.71,0.0149304,4.868166762,10.88979696
47.654,0.06,39.71,0.0149304,4.868166762,10.88979696
47.692,0.07,39.71,0.0174188,5.258221076,11.76232505
47.729,0.07,39.71,0.0174188,5.258221076,11.76232505
47.766,0.11,39.71,0.0273724,6.591528955,14.74485478
47.804,0.1,39.71,0.024884,6.284776265,14.05866742
47.841,0.12,39.71,0.0298608,6.884627458,15.40049855
47.878,0.13,39.71,0.0323492,7.165747449,16.0293471
47.916,0.11,39.71,0.0273724,6.591528955,14.74485478
47.952,0.1,39.71,0.024884,6.284776265,14.05866742
47.989,0.12,39.71,0.0298608,6.884627458,15.40049855
48.027,0.12,39.71,0.0298608,6.884627458,15.40049855
48.064,0.11,39.71,0.0273724,6.591528955,14.74485478
48.101,0.11,39.71,0.0273724,6.591528955,14.74485478
48.139,0.11,39.71,0.0273724,6.591528955,14.74485478
48.176,0.12,39.71,0.0298608,6.884627458,15.40049855
48.212,0.11,39.71,0.0273724,6.591528955,14.74485478
48.25,0.11,39.71,0.0273724,6.591528955,14.74485478
48.287,0.1,39.71,0.024884,6.284776265,14.05866742
48.324,0.11,39.71,0.0273724,6.591528955,14.74485478
48.362,0.1,39.71,0.024884,6.284776265,14.05866742
48.399,0.11,39.71,0.0273724,6.591528955,14.74485478
48.441,0.1,39.71,0.024884,6.284776265,14.05866742
48.478,0.11,39.71,0.0273724,6.591528955,14.74485478
48.516,0.09,39.71,0.0223956,5.962262274,13.33722297
48.552,0.07,39.71,0.0174188,5.258221076,11.76232505
48.589,0.07,39.71,0.0174188,5.258221076,11.76232505
48.627,0.07,39.71,0.0174188,5.258221076,11.76232505
48.664,0.08,39.71,0.0199072,5.621274781,12.57445441
48.701,0.07,39.71,0.0174188,5.258221076,11.76232505
48.738,0.06,39.71,0.0149304,4.868166762,10.88979696
48.776,0.07,39.71,0.0174188,5.258221076,11.76232505
48.813,0.07,39.71,0.0174188,5.258221076,11.76232505
48.85,0.06,39.71,0.0149304,4.868166762,10.88979696
48.887,0.06,39.71,0.0149304,4.868166762,10.88979696
48.924,0.06,39.71,0.0149304,4.868166762,10.88979696
48.962,0.06,39.71,0.0149304,4.868166762,10.88979696
48.999,0.06,39.71,0.0149304,4.868166762,10.88979696
49.036,0.05,39.71,0.012442,4.444007915,9.940979066
49.074,0.05,39.71,0.012442,4.444007915,9.940979066
49.111,0.05,39.71,0.012442,4.444007915,9.940979066
49.147,0.05,39.71,0.012442,4.444007915,9.940979066
49.185,0.05,39.71,0.012442,4.444007915,9.940979066
49.222,0.05,39.71,0.012442,4.444007915,9.940979066
49.259,0.05,39.71,0.012442,4.444007915,9.940979066
49.297,0.05,39.71,0.012442,4.444007915,9.940979066
49.334,0.05,39.71,0.012442,4.444007915,9.940979066
49.371,0.04,39.71,0.0099536,3.974841516,8.891481981
49.409,0.06,39.71,0.0149304,4.868166762,10.88979696
49.445,0.05,39.71,0.012442,4.444007915,9.940979066
49.482,0.06,39.71,0.0149304,4.868166762,10.88979696
49.52,0.05,39.71,0.012442,4.444007915,9.940979066
49.557,0.04,39.71,0.0099536,3.974841516,8.891481981
49.592,0.03,39.71,0.0074652,3.442313729,7.700249273
49.629,0.03,39.71,0.0074652,3.442313729,7.700249273
49.666,0.03,39.71,0.0074652,3.442313729,7.700249273
49.703,0.03,39.71,0.0074652,3.442313729,7.700249273
49.74,0.03,39.71,0.0074652,3.442313729,7.700249273
49.777,0.03,39.71,0.0074652,3.442313729,7.700249273
49.814,0.02,39.71,0.0049768,2.81063739,6.287227204
49.852,0.02,39.71,0.0049768,2.81063739,6.287227204
49.889,0.03,39.71,0.0074652,3.442313729,7.700249273
49.926,0.02,39.71,0.0049768,2.81063739,6.287227204
49.964,0.02,39.71,0.0049768,2.81063739,6.287227204
50,0.02,39.71,0.0049768,2.81063739,6.287227204
50.037,0.02,39.71,0.0049768,2.81063739,6.287227204
50.075,0.02,39.71,0.0049768,2.81063739,6.287227204
50.112,0.01,39.71,0.0024884,1.987420758,4.445740991
50.149,0.01,39.71,0.0024884,1.987420758,4.445740991
50.187,0.01,39.71,0.0024884,1.987420758,4.445740991
50.224,0.01,39.71,0.0024884,1.987420758,4.445740991
50.26,0.01,39.71,0.0024884,1.987420758,4.445740991
50.298,0.01,39.71,0.0024884,1.987420758,4.445740991
50.335,0,39.71,0,0,0
50.372,0,39.71,0,0,0
50.41,0.01,39.71,0.0024884,1.987420758,4.445740991
50.447,0.01,39.71,0.0024884,1.987420758,4.445740991
50.484,0,39.71,0,0,0
50.522,0.01,39.71,0.0024884,1.987420758,4.445740991
50.558,0,39.71,0,0,0
50.595,0,39.71,0,0,0
50.632,0,39.71,0,0,0
50.67,0,39.71,0,0,0
50.712,0,39.71,0,0,0
50.75,0,39.71,0,0,0
50.787,0,39.71,0,0,0
50.824,0,39.71,0,0,0
50.861,0,39.71,0,0,0
50.898,0,39.71,0,0,0
50.935,0,39.71,0,0,0
50.972,0,39.71,0,0,0
51.01,0,39.71,0,0,0
51.047,0,39.71,0,0,0
51.084,0,39.71,0,0,0
51.121,0,39.71,0,0,0
51.159,0,39.71,0,0,0
51.195,0,39.71,0,0,0
51.232,0,39.71,0,0,0
51.269,0,39.71,0,0,0
51.307,0,39.71,0,0,0
51.344,0,39.71,0,0,0
51.381,0,39.71,0,0,0
51.418,0,39.71,0,0,0
51.467,0,39.71,0,0,0
51.504,0,39.71,0,0,0
51.542,0,39.71,0,0,0
51.578,0,39.71,0,0,0
51.615,0,39.71,0,0,0
51.653,0,39.71,0,0,0
51.69,0,39.71,0,0,0
51.727,0,39.71,0,0,0
51.765,0,39.71,0,0,0
51.802,0,39.71,0,0,0
51.844,0,39.71,0,0,0
51.88,0,39.71,0,0,0
51.917,0,39.71,0,0,0
51.955,0,39.71,0,0,0
51.992,0,39.71,0,0,0
52.029,0,39.71,0,0,0
52.067,0,39.71,0,0,0
52.104,0,39.71,0,0,0
52.141,0,39.71,0,0,0
52.178,0,39.71,0,0,0
52.215,0,39.71,0,0,0
52.252,0,39.71,0,0,0
52.29,0,39.71,0,0,0
52.327,0,39.71,0,0,0
52.364,0,39.71,0,0,0
52.402,0,39.71,0,0,0
52.439,0,39.71,0,0,0
52.475,0,39.71,0,0,0
52.513,0,39.71,0,0,0
52.55,0,39.71,0,0,0
52.587,0,39.71,0,0,0
52.625,0,39.71,0,0,0
52.662,0,39.71,0,0,0
52.699,0,39.71,0,0,0
52.737,0,39.71,0,0,0
52.773,0,39.71,0,0,0
52.81,0,39.71,0,0,0
52.848,0,39.71,0,0,0
52.885,0,39.71,0,0,0
52.922,0,39.71,0,0,0
52.965,0,39.71,0,0,0
53.002,0,39.71,0,0,0
53.039,0,39.71,0,0,0
53.076,0,39.71,0,0,0
53.113,0,39.71,0,0,0
53.15,0,39.71,0,0,0
53.188,0,39.71,0,0,0
53.225,0,39.71,0,0,0
53.262,0,39.71,0,0,0
53.3,0,39.71,0,0,0
53.337,0,39.71,0,0,0
53.373,0,39.71,0,0,0
53.41,0,39.71,0,0,0
53.448,0,39.71,0,0,0
53.485,0,39.71,0,0,0
53.522,0,39.71,0,0,0
53.559,0,39.71,0,0,0
53.597,0,39.71,0,0,0
53.634,0,39.71,0,0,0
53.67,0,39.71,0,0,0
53.707,0,39.71,0,0,0
53.745,0,39.71,0,0,0
53.782,0.01,39.71,0.0024884,1.987420758,4.445740991
53.819,0,39.71,0,0,0
53.856,0.01,39.71,0.0024884,1.987420758,4.445740991
53.894,0,39.71,0,0,0
53.931,0,39.71,0,0,0
53.967,0,39.71,0,0,0
54.004,0,39.71,0,0,0
54.042,0.01,39.71,0.0024884,1.987420758,4.445740991
54.083,0.01,39.71,0.0024884,1.987420758,4.445740991
54.121,0,39.71,0,0,0
54.158,0,39.71,0,0,0
54.195,0.01,39.71,0.0024884,1.987420758,4.445740991
54.233,0,39.71,0,0,0
54.269,0,39.71,0,0,0
54.306,0.01,39.71,0.0024884,1.987420758,4.445740991
54.344,0.01,39.71,0.0024884,1.987420758,4.445740991
54.381,0.01,39.71,0.0024884,1.987420758,4.445740991
54.418,0,39.71,0,0,0
54.456,0.01,39.71,0.0024884,1.987420758,4.445740991
54.493,0.01,39.71,0.0024884,1.987420758,4.445740991
54.53,0,39.71,0,0,0
54.566,0,39.71,0,0,0
54.604,0,39.71,0,0,0
54.641,0.01,39.71,0.0024884,1.987420758,4.445740991
54.678,0,39.71,0,0,0
54.716,0.01,39.71,0.0024884,1.987420758,4.445740991
54.753,0,39.71,0,0,0
54.79,0,39.71,0,0,0
54.828,0,39.71,0,0,0
54.864,0,39.71,0,0,0
54.901,0,39.71,0,0,0
54.939,0,39.71,0,0,0
54.976,0.01,39.71,0.0024884,1.987420758,4.445740991
55.013,0,39.71,0,0,0
55.051,0,39.71,0,0,0
55.088,0.01,39.71,0.0024884,1.987420758,4.445740991
55.124,0.01,39.71,0.0024884,1.987420758,4.445740991
55.161,0.01,39.71,0.0024884,1.987420758,4.445740991
55.218,0.01,39.71,0.0024884,1.987420758,4.445740991
55.255,0,39.71,0,0,0
55.291,0,39.71,0,0,0
55.328,0,39.71,0,0,0
55.366,0.01,39.71,0.0024884,1.987420758,4.445740991
55.403,0.01,39.71,0.0024884,1.987420758,4.445740991
55.44,0,39.71,0,0,0
55.478,0,39.71,0,0,0
55.515,0.01,39.71,0.0024884,1.987420758,4.445740991
55.552,0.01,39.71,0.0024884,1.987420758,4.445740991
55.588,0.01,39.71,0.0024884,1.987420758,4.445740991
55.626,0,39.71,0,0,0
55.663,0,39.71,0,0,0
55.7,0.01,39.71,0.0024884,1.987420758,4.445740991
55.737,0.01,39.71,0.0024884,1.987420758,4.445740991
55.775,0,39.71,0,0,0
55.812,0,39.71,0,0,0
55.848,0.01,39.71,0.0024884,1.987420758,4.445740991
55.885,0.01,39.71,0.0024884,1.987420758,4.445740991
55.923,0.01,39.71,0.0024884,1.987420758,4.445740991
55.96,0.01,39.71,0.0024884,1.987420758,4.445740991
55.997,0.01,39.71,0.0024884,1.987420758,4.445740991
56.034,0,39.71,0,0,0
56.072,0,39.71,0,0,0
56.109,0.01,39.71,0.0024884,1.987420758,4.445740991
56.157,0.01,39.71,0.0024884,1.987420758,4.445740991
56.195,0.01,39.71,0.0024884,1.987420758,4.445740991
56.231,0,39.71,0,0,0
56.268,0,39.71,0,0,0
56.306,0.01,39.71,0.0024884,1.987420758,4.445740991
56.348,0,39.71,0,0,0
56.385,0,39.71,0,0,0
56.422,0,39.71,0,0,0
56.46,0,39.71,0,0,0
56.497,0,39.71,0,0,0
56.534,0,39.71,0,0,0
56.57,0,39.71,0,0,0
56.608,0,39.71,0,0,0
56.645,0,39.71,0,0,0
56.682,0.01,39.71,0.0024884,1.987420758,4.445740991
56.72,0,39.71,0,0,0
56.757,0,39.71,0,0,0
56.794,0.01,39.71,0.0024884,1.987420758,4.445740991
56.832,0,39.71,0,0,0
56.868,0.01,39.71,0.0024884,1.987420758,4.445740991
56.905,0.01,39.71,0.0024884,1.987420758,4.445740991
56.942,0.01,39.71,0.0024884,1.987420758,4.445740991
56.98,0,39.71,0,0,0
57.017,0.01,39.71,0.0024884,1.987420758,4.445740991
57.054,0.01,39.71,0.0024884,1.987420758,4.445740991
57.092,0,39.71,0,0,0
57.128,0.01,39.71,0.0024884,1.987420758,4.445740991
57.165,0,39.71,0,0,0
57.203,0.01,39.71,0.0024884,1.987420758,4.445740991
57.24,0.01,39.71,0.0024884,1.987420758,4.445740991
57.277,0,39.71,0,0,0
57.314,0,39.71,0,0,0
57.352,0,39.71,0,0,0
57.389,0.01,39.71,0.0024884,1.987420758,4.445740991
57.425,0,39.71,0,0,0
57.468,0,39.71,0,0,0
57.505,0.01,39.71,0.0024884,1.987420758,4.445740991
57.543,0,39.71,0,0,0
57.58,0.01,39.71,0.0024884,1.987420758,4.445740991
57.617,0.01,39.71,0.0024884,1.987420758,4.445740991
57.654,0,39.71,0,0,0
57.692,0,39.71,0,0,0
57.729,0,39.71,0,0,0
57.765,0,39.71,0,0,0
57.802,0,39.71,0,0,0
57.84,0.01,39.71,0.0024884,1.987420758,4.445740991
57.877,0,39.71,0,0,0
57.914,0.01,39.71,0.0024884,1.987420758,4.445740991
57.952,0,39.71,0,0,0
57.989,0.01,39.71,0.0024884,1.987420758,4.445740991
58.025,0,39.71,0,0,0
58.062,0.01,39.71,0.0024884,1.987420758,4.445740991
58.1,0,39.71,0,0,0
58.137,0,39.71,0,0,0
58.174,0,39.71,0,0,0
58.212,0,39.71,0,0,0
58.249,0,39.71,0,0,0
58.286,0,39.71,0,0,0
58.322,0.01,39.71,0.0024884,1.987420758,4.445740991
58.36,0,39.71,0,0,0
58.397,0,39.71,0,0,0
58.434,0,39.71,0,0,0
58.471,0,39.71,0,0,0
58.509,0,39.71,0,0,0
58.546,0,39.71,0,0,0
58.588,0.01,39.71,0.0024884,1.987420758,4.445740991
58.625,0,39.71,0,0,0
58.661,0.01,39.71,0.0024884,1.987420758,4.445740991
58.698,0.01,39.71,0.0024884,1.987420758,4.445740991
58.736,0,39.71,0,0,0
58.773,0.01,39.71,0.0024884,1.987420758,4.445740991
58.81,0.01,39.71,0.0024884,1.987420758,4.445740991
58.848,0.01,39.71,0.0024884,1.987420758,4.445740991
58.885,0.01,39.71,0.0024884,1.987420758,4.445740991
58.921,0,39.71,0,0,0
58.959,0,39.71,0,0,0
58.996,0.01,39.71,0.0024884,1.987420758,4.445740991
59.033,0.01,39.71,0.0024884,1.987420758,4.445740991
59.071,0,39.71,0,0,0
59.108,0,39.71,0,0,0
59.145,0.01,39.71,0.0024884,1.987420758,4.445740991
59.182,0.01,39.71,0.0024884,1.987420758,4.445740991
59.219,0.01,39.71,0.0024884,1.987420758,4.445740991
59.256,0.01,39.71,0.0024884,1.987420758,4.445740991
59.293,0.01,39.71,0.0024884,1.987420758,4.445740991
59.331,0.01,39.71,0.0024884,1.987420758,4.445740991
59.368,0.01,39.71,0.0024884,1.987420758,4.445740991
59.405,0.01,39.71,0.0024884,1.987420758,4.445740991
59.443,0.01,39.71,0.0024884,1.987420758,4.445740991
59.48,0,39.71,0,0,0
59.516,0,39.71,0,0,0
59.554,0.01,39.71,0.0024884,1.987420758,4.445740991
59.591,0,39.71,0,0,0
